Created At Date,Payment Plan Name,Product Sub Category,Product Type,Currency Name,Product Price,Deposit,Daily Top Up,Loan Duration,Total Top Ups,Brand,Masterbrand,Model,Plan Type,Product Category,Variant,Mart Payment Plan ID,Payment Plan Status,Month,Year
2015-09-17 00:00:00, M-KOPA 4 v1 ,M-KOPA 4,Lights,KES,21249,2999,50,365,18250,M-KOPA,Solar,M-KOPA 4,Acquisition,MK Classic,3 lights,87,Closed,Sep,2015
2015-12-01 00:00:00,M-KOPA 4 v2,M-KOPA 4,Lights,KES,21750,3500,50,365,18250,M-KOPA,Solar,M-KOPA 4,Acquisition,MK Classic,3 lights,91,Closed,Dec,2015
2015-12-01 00:00:00,M-KOPA 4 Cash v1,M-KOPA 4,Lights,KES,17750,0,0,0,0,M-KOPA,Solar,M-KOPA 4,Acquisition,MK Classic,3 lights,90,Closed,Dec,2015
2015-12-04 00:00:00,M-KOPA 4 Demo,M-KOPA 4,Lights,KES,15750,750,25,600,15000,M-KOPA,Solar,M-KOPA 4,Acquisition,MK Classic,3 lights,92,Closed,Dec,2015
2015-12-04 00:00:00, M-KOPA 4 Staff ,M-KOPA 4,Lights,KES,15275,2500,35,365,12775,M-KOPA,Solar,M-KOPA 4,Acquisition,MK Classic,3 lights,93,Active,Dec,2015
2015-12-22 00:00:00,M-KOPA 400 (K) v1,M-KOPA 400,Solar TV,KES,53624,7999,125,365,45625,M-KOPA,Solar,M-KOPA 400,Acquisition,MK TV,"16"" TV",97,Closed,Dec,2015
2015-12-23 00:00:00,M-KOPA 4 Staff F&F,M-KOPA 4,Lights,KES,17500,3500,50,280,14000,M-KOPA,Solar,M-KOPA 4,Acquisition,MK Classic,3 lights,98,Closed,Dec,2015
2016-01-14 00:00:00,M-KOPA +400 (K) v1,M-KOPA +400,Solar TV,KES,40000,3500,50,730,36500,M-KOPA,Solar,M-KOPA +400,Upgrade,MK TV,"16"" TV",102,Closed,Jan,2016
2016-01-14 00:00:00, M-KOPA 400 (K) Cash v1,M-KOPA 400,Solar TV,KES,44999,0,0,0,0,M-KOPA,Solar,M-KOPA 400,Acquisition,MK TV,"16"" TV",103,Closed,Jan,2016
2016-02-17 00:00:00,M-KOPA +400 (K) v2,M-KOPA +400,Solar TV,KES,38000,1500,50,730,36500,M-KOPA,Solar,M-KOPA +400,Upgrade,MK TV,"16"" TV",104,Closed,Feb,2016
2016-02-19 00:00:00,M-KOPA 4 v3 Ceeco,M-KOPA 4,Lights,KES,22500,2500,50,400,20000,M-KOPA,Solar,M-KOPA 4,Acquisition,MK Classic,3 lights,105,Active,Feb,2016
2016-02-23 00:00:00,M-KOPA 4 Staff Only,M-KOPA 4,Lights,KES,9825,700,25,365,9125,M-KOPA,Solar,M-KOPA 4,Acquisition,MK Classic,3 lights,106,Closed,Feb,2016
2016-03-08 00:00:00,M-KOPA 400 v1,M-KOPA 400,Solar TV,KES,53624,7999,125,365,45625,M-KOPA,Solar,M-KOPA 400,Acquisition,MK TV,"16"" TV",110,Closed,Mar,2016
2016-03-21 00:00:00,M-KOPA 4 v4 Non-Ceeco,M-KOPA 4,Lights,KES,22750,2750,50,400,20000,M-KOPA,Solar,M-KOPA 4,Acquisition,MK Classic,3 lights,114,Closed,Mar,2016
2016-04-06 00:00:00,M-KOPA +400 v1,M-KOPA +400,Solar TV,KES,38000,1500,50,730,36500,M-KOPA,Solar,M-KOPA +400,Upgrade,MK TV,"16"" TV",116,Closed,Apr,2016
2016-04-07 00:00:00,M-KOPA 400 Cash v1,M-KOPA 400,Solar TV,KES,44999,0,0,0,0,M-KOPA,Solar,M-KOPA 400,Acquisition,MK TV,"16"" TV",117,Closed,Apr,2016
2016-04-12 00:00:00,M-KOPA 4 v5 CSE-1,M-KOPA 4,Lights,KES,22500,2500,50,400,20000,M-KOPA,Solar,M-KOPA 4,Acquisition,MK Classic,3 lights,118,Closed,Apr,2016
2016-04-19 00:00:00,M-KOPA 400 Cash v2,M-KOPA 400,Solar TV,KES,44999,0,0,0,0,M-KOPA,Solar,M-KOPA 400,Acquisition,MK TV,"16"" TV",119,Closed,Apr,2016
2016-04-19 00:00:00,M-KOPA 400 v2,M-KOPA 400,Solar TV,KES,53624,7999,125,365,45625,M-KOPA,Solar,M-KOPA 400,Acquisition,MK TV,"16"" TV",120,Closed,Apr,2016
2016-04-19 00:00:00,M-KOPA +400 v2,M-KOPA +400,Solar TV,KES,38000,1500,50,730,36500,M-KOPA,Solar,M-KOPA +400,Upgrade,MK TV,"16"" TV",121,Closed,Apr,2016
2016-05-26 00:00:00,M-KOPA 4 IndCh Cash v1,M-KOPA 4,Lights,KES,17750,0,0,0,0,M-KOPA,Solar,M-KOPA 4,Acquisition,MK Classic,3 lights,129,Closed,May,2016
2016-05-26 00:00:00,M-KOPA 4 IndCh v1,M-KOPA 4,Lights,KES,21750,3500,50,365,18250,M-KOPA,Solar,M-KOPA 4,Acquisition,MK Classic,3 lights,130,Closed,May,2016
2016-05-31 00:00:00,M-KOPA 4 Starter v1 ,M-KOPA 4 Starter,Lights - Refurbished,KES,19750,1500,50,365,18250,M-KOPA,Solar,M-KOPA 4 Starter,Acquisition,MK Starter,2 lights,132,Closed,May,2016
2016-05-31 00:00:00,M-KOPA 4 v6 2999,M-KOPA 4,Lights,KES,22999,2999,50,400,20000,M-KOPA,Solar,M-KOPA 4,Acquisition,MK Classic,3 lights,131,Closed,May,2016
2016-06-09 00:00:00,M-KOPA +400 v3,M-KOPA +400,Solar TV,KES,40000,0,50,800,40000,M-KOPA,Solar,M-KOPA +400,Upgrade,MK TV,"16"" TV",133,Closed,Jun,2016
2016-07-05 00:00:00,M-KOPA 400 v3 no CSE ,M-KOPA 400,Solar TV,KES,54999,9999,125,360,45000,M-KOPA,Solar,M-KOPA 400,Acquisition,MK TV,"16"" TV",141,Closed,Jul,2016
2016-07-07 00:00:00,M-KOPA 4 IndCh v2,M-KOPA 4,Lights,KES,22999,2999,50,400,20000,M-KOPA,Solar,M-KOPA 4,Acquisition,MK Classic,3 lights,145,Closed,Jul,2016
2016-08-09 00:00:00,M-KOPA 4 v7 Central,M-KOPA 4,Lights,KES,25000,2500,50,450,22500,M-KOPA,Solar,M-KOPA 4,Acquisition,MK Classic,3 lights,146,Closed,Aug,2016
2016-08-14 00:00:00,M-KOPA 400 IndCh v1,M-KOPA 400,Solar TV,KES,54999,9999,125,360,45000,M-KOPA,Solar,M-KOPA 400,Acquisition,MK TV,"16"" TV",148,Closed,Aug,2016
2016-08-14 00:00:00,M-KOPA 400 IndCh Cash v1,M-KOPA 400,Solar TV,KES,44999,0,0,0,0,M-KOPA,Solar,M-KOPA 400,Acquisition,MK TV,"16"" TV",147,Closed,Aug,2016
2016-08-15 00:00:00,M-KOPA 4 IndCh v3 CSE-1,M-KOPA 4,Lights,KES,22500,2500,50,400,20000,M-KOPA,Solar,M-KOPA 4,Acquisition,MK Classic,3 lights,150,Closed,Aug,2016
2016-08-15 00:00:00,M-KOPA 400 IndCh v2,M-KOPA 400,Solar TV,KES,53624,7999,125,365,45625,M-KOPA,Solar,M-KOPA 400,Acquisition,MK TV,"16"" TV",149,Closed,Aug,2016
2016-08-31 00:00:00,M-KOPA 4 v8 CSE-2,M-KOPA 4,Lights,KES,25000,2500,50,450,22500,M-KOPA,Solar,M-KOPA 4,Acquisition,MK Classic,3 lights,153,Closed,Aug,2016
2016-08-31 00:00:00,M-KOPA 400 Zuku v1,M-KOPA 400 Zuku,Solar TV,KES,70049,7999,170,365,62050,M-KOPA,Solar,M-KOPA 400 Zuku,Acquisition,MK TV,"16"" TV",155,Closed,Aug,2016
2016-08-31 00:00:00,M-KOPA +400 Zuku v1,M-KOPA +400 Zuku,Solar TV,KES,63550,1500,85,730,62050,M-KOPA,Solar,M-KOPA +400 Zuku,Upgrade,MK TV,"16"" TV",156,Closed,Aug,2016
2016-08-31 00:00:00,M-KOPA 4 IndCh v4 CSE-2,M-KOPA 4,Lights,KES,25000,2500,50,450,22500,M-KOPA,Solar,M-KOPA 4,Acquisition,MK Classic,3 lights,154,Closed,Aug,2016
2016-09-01 00:00:00,M-KOPA 400 Zuku v1-1,M-KOPA 400 Zuku,Solar TV,KES,68224,7999,165,365,60225,M-KOPA,Solar,M-KOPA 400 Zuku,Acquisition,MK TV,"16"" TV",158,Closed,Sep,2016
2016-09-01 00:00:00,M-KOPA +400 Zuku v1-1,M-KOPA +400 Zuku,Solar TV,KES,59900,1500,80,730,58400,M-KOPA,Solar,M-KOPA +400 Zuku,Upgrade,MK TV,"16"" TV",157,Closed,Sep,2016
2016-09-13 00:00:00,M-KOPA 4 AGRI-2 ,M-KOPA 4,Lights,KES,18250,0,50,365,18250,M-KOPA,Solar,M-KOPA 4,Acquisition,MK Classic,3 lights,170,Closed,Sep,2016
2016-10-10 00:00:00,M-KOPA +400 v4,M-KOPA +400,Solar TV,KES,42500,0,50,850,42500,M-KOPA,Solar,M-KOPA +400,Upgrade,MK TV,"16"" TV",171,Closed,Oct,2016
2016-10-10 00:00:00,M-KOPA +400 Zuku v2,M-KOPA +400 Zuku,Solar TV,KES,68000,0,80,850,68000,M-KOPA,Solar,M-KOPA +400 Zuku,Upgrade,MK TV,"16"" TV",172,Closed,Oct,2016
2016-10-13 00:00:00,M-KOPA +400 Zuku Restructured,M-KOPA +400 Zuku,Solar TV,KES,1,0,1,1,1,M-KOPA,Solar,M-KOPA +400 Zuku,Upgrade,MK TV,"16"" TV",215,Closed,Oct,2016
2016-10-13 00:00:00,M-KOPA 4 Starter Upgrade Pack,Starter Upgrade Pack,Radio and Torch,KES,2000,0,5.48,365,2000,M-KOPA,Solar,Starter Upgrade Pack,Upgrade,Addition,4 lights,198,Active,Oct,2016
2016-11-03 00:00:00,M-KOPA + TV v0 F&F,M-KOPA +TV,Solar TV,KES,42500,0,50,850,42500,M-KOPA,Solar,M-KOPA +TV,Upgrade,MK TV,"16"" TV",233,Closed,Nov,2016
2016-11-25 00:00:00, M-KOPA + 4 (d10g) v1 ,M-KOPA 4,Lights,KES,19000,750,50,365,18250,M-KOPA,Solar,M-KOPA 4,Upgrade,MK Classic,4 lights,235,Closed,Nov,2016
2016-11-25 00:00:00, M-KOPA +400 (d10g) v1 ,M-KOPA +400,Solar TV,KES,46000,3500,50,850,42500,M-KOPA,Solar,M-KOPA +400,Upgrade,MK TV,"16"" TV",236,Closed,Nov,2016
2017-01-13 00:00:00,"M-KOPA 4 (3B): 18,999 cash",M-KOPA 4,Lights,KES,18999,0,0,0,0,M-KOPA,Solar,M-KOPA 4,Acquisition,MK Classic,3 lights,269,Closed,Jan,2017
2017-01-13 00:00:00, M-KOPA 4(3B) v1 ,M-KOPA 4,Lights,KES,22999,2999,50,400,20000,M-KOPA,Solar,M-KOPA 4,Acquisition,MK Classic,3 lights,265,Closed,Jan,2017
2017-01-13 00:00:00,M-KOPA 400 v3,M-KOPA 400,Solar TV,KES,53624,7999,125,365,45625,M-KOPA,Solar,M-KOPA 400,Acquisition,MK TV,"16"" TV",268,Closed,Jan,2017
2017-01-13 00:00:00,M-KOPA 400 Cash v3,M-KOPA 400,Solar TV,KES,44999,0,0,0,0,M-KOPA,Solar,M-KOPA 400,Acquisition,MK TV,"16"" TV",266,Closed,Jan,2017
2017-01-13 00:00:00, M-KOPA 4(3B) Cash v1 ,M-KOPA 4,Lights,KES,18999,0,0,0,0,M-KOPA,Solar,M-KOPA 4,Acquisition,MK Classic,3 lights,267,Closed,Jan,2017
2017-01-26 00:00:00,M-KOPA 400 (3B) v1 ,M-KOPA 400,Solar TV,KES,53624,7999,125,365,45625,M-KOPA,Solar,M-KOPA 400,Acquisition,MK TV,"16"" TV",274,Active,Jan,2017
2017-01-26 00:00:00, M-KOPA 400 (3B) Cash v1 ,M-KOPA 400,Solar TV,KES,100,0,0,0,0,M-KOPA,Solar,M-KOPA 400,Acquisition,MK TV,"16"" TV",275,Closed,Jan,2017
2017-01-26 00:00:00, M-KOPA 400 (3B) v1,M-KOPA 400,Solar TV,KES,53624,7999,125,365,45625,M-KOPA,Solar,M-KOPA 400,Acquisition,MK TV,"16"" TV",272,Closed,Jan,2017
2017-01-26 00:00:00,M-KOPA 400 (3B) Cash v1 ,M-KOPA 400,Solar TV,KES,44999,0,0,0,0,M-KOPA,Solar,M-KOPA 400,Acquisition,MK TV,"16"" TV",273,Closed,Jan,2017
2017-02-15 00:00:00,M-KOPA +400 v5 ,M-KOPA +400,Solar TV,KES,45500,3000,50,850,42500,M-KOPA,Solar,M-KOPA +400,Upgrade,MK TV,"16"" TV",290,Closed,Feb,2017
2017-02-25 00:00:00,M-KOPA +400 v6,M-KOPA +400,Solar TV,KES,42500,3000,50,790,39500,M-KOPA,Solar,M-KOPA +400,Upgrade,MK TV,"16"" TV",293,Closed,Feb,2017
2017-03-08 00:00:00,M-KOPA 400 (3B) LDP v2 ,M-KOPA 400,Solar TV,KES,55999,5999,100,500,50000,M-KOPA,Solar,M-KOPA 400,Acquisition,MK TV,"16"" TV",300,Active,Mar,2017
2017-03-08 00:00:00,M-KOPA 400 (3B) LDP  v2  ,M-KOPA 400,Solar TV,KES,55999,5999,100,500,50000,M-KOPA,Solar,M-KOPA 400,Acquisition,MK TV,"16"" TV",301,Closed,Mar,2017
2017-03-17 00:00:00,M-KOPA 4 Starter v2 ,M-KOPA 4 Starter,Lights - Refurbished,KES,11500,1500,50,200,10000,M-KOPA,Solar,M-KOPA 4 Starter,Acquisition,MK Starter,2 lights,308,Closed,Mar,2017
2017-03-17 00:00:00,M-KOPA 4 (3B) Staff F&F,M-KOPA 4,Lights,KES,18499,2999,50,310,15500,M-KOPA,Solar,M-KOPA 4,Acquisition,MK Classic,3 lights,312,Closed,Mar,2017
2017-03-17 00:00:00,M-KOPA +400 v7 (GT) ,M-KOPA +400,Solar TV,KES,45500,3000,50,850,42500,M-KOPA,Solar,M-KOPA +400,Upgrade,MK TV,"16"" TV",309,Closed,Mar,2017
2017-03-17 00:00:00,M-KOPA 4(3B) Staff Only ,M-KOPA 4,Lights,KES,10325,700,25,385,9625,M-KOPA,Solar,M-KOPA 4,Acquisition,MK Classic,3 lights,311,Closed,Mar,2017
2017-03-17 00:00:00,M-KOPA 4(3B)  Demo ,M-KOPA 4,Lights,KES,16500,750,25,630,15750,M-KOPA,Solar,M-KOPA 4,Acquisition,MK Classic,3 lights,310,Closed,Mar,2017
2017-03-31 00:00:00, M-KOPA 400 (3B) LDP v3 ,M-KOPA 400,Solar TV,KES,55999,5999,100,500,50000,M-KOPA,Solar,M-KOPA 400,Acquisition,MK TV,"16"" TV",325,Closed,Mar,2017
2017-03-31 00:00:00,M-KOPA 400 (3B) v2 ,M-KOPA 400,Solar TV,KES,53624,7999,125,365,45625,M-KOPA,Solar,M-KOPA 400,Acquisition,MK TV,"16"" TV",322,Closed,Mar,2017
2017-03-31 00:00:00,M-KOPA 4(3B) v2 ,M-KOPA 4,Lights,KES,22999,2999,50,400,20000,M-KOPA,Solar,M-KOPA 4,Acquisition,MK Classic,3 lights,324,Closed,Mar,2017
2017-04-02 00:00:00,M-KOPA 4 (3B) IndCh v1,M-KOPA 4,Lights,KES,22999,2999,50,400,20000,M-KOPA,Solar,M-KOPA 4,Acquisition,MK Classic,3 lights,333,Closed,Apr,2017
2017-04-02 00:00:00,M-KOPA 400 (3B) IndCh v1,M-KOPA 400,Solar TV,KES,53624,7999,125,365,45625,M-KOPA,Solar,M-KOPA 400,Acquisition,MK TV,"16"" TV",334,Closed,Apr,2017
2017-04-03 00:00:00,M-KOPA 4 (3B) Telesales v1 ,M-KOPA 4,Lights,KES,22999,2999,50,400,20000,M-KOPA,Solar,M-KOPA 4,Acquisition,MK Classic,3 lights,335,Active,Apr,2017
2017-04-03 00:00:00,M-KOPA 400 (3B) Telesales v1 ,M-KOPA 400,Solar TV,KES,53624,7999,125,365,45625,M-KOPA,Solar,M-KOPA 400,Acquisition,MK TV,"16"" TV",336,Closed,Apr,2017
2017-04-11 00:00:00,M-KOPA + TV v0,M-KOPA +TV,Solar TV,KES,42500,0,50,850,42500,M-KOPA,Solar,M-KOPA +TV,Upgrade,MK TV,"16"" TV",360,Active,Apr,2017
2017-04-25 00:00:00,M-KOPA 400 (3B) Telesales v1-1 ,M-KOPA 400,Solar TV,KES,53624,7999,125,365,45625,M-KOPA,Solar,M-KOPA 400,Acquisition,MK TV,"16"" TV",361,Closed,Apr,2017
2017-04-25 00:00:00,M-K5 DVT F&F ,M-KOPA 5,Lights,KES,8000,700,20,365,7300,M-KOPA,Solar,M-KOPA 5,Acquisition,MK Classic,4 lights,362,Closed,Apr,2017
2017-05-03 00:00:00,M-KOPA + TV v1 ,M-KOPA +TV,Solar TV,KES,42500,0,50,850,42500,M-KOPA,Solar,M-KOPA +TV,Upgrade,MK TV,"16"" TV",365,Closed,May,2017
2017-05-08 00:00:00, M-KOPA Starter v3  ,M-KOPA 3 Starter,Lights - Refurbished,KES,11500,1500,50,200,10000,M-KOPA,Solar,M-KOPA 3 Starter,Acquisition,MK Starter,2 lights,368,Closed,May,2017
2017-05-08 00:00:00,M-KOPA Starter v3 ,M-KOPA 3 Starter,Lights - Refurbished,KES,10000,1500,50,200,8500,M-KOPA,Solar,M-KOPA 3 Starter,Acquisition,MK Starter,2 lights,367,Active,May,2017
2017-05-19 00:00:00,M-KOPA + TV Staff & DSR v1 ,M-KOPA +TV,Solar TV,KES,29000,1500,50,550,27500,M-KOPA,Solar,M-KOPA +TV,Upgrade,MK TV,"16"" TV",382,Closed,May,2017
2017-05-19 00:00:00,M-KOPA +400 Staff & DSR v1 ,M-KOPA +400,Solar TV,KES,29000,1500,50,550,27500,M-KOPA,Solar,M-KOPA +400,Upgrade,MK TV,"16"" TV",386,Closed,May,2017
2017-05-19 00:00:00,M-KOPA Starter v4 ,M-KOPA 3 Starter,Lights - Refurbished,KES,11500,1500,50,200,10000,M-KOPA,Solar,M-KOPA 3 Starter,Acquisition,MK Starter,2 lights,384,Closed,May,2017
2017-05-19 00:00:00,M-KOPA 400 (3B) Staff & DSR v1 ,M-KOPA 400,Solar TV,KES,35250,4000,125,250,31250,M-KOPA,Solar,M-KOPA 400,Acquisition,MK TV,"16"" TV",385,Closed,May,2017
2017-05-19 00:00:00,M-KOPA 400 Starter v1 ,M-KOPA 400 Starter,Solar TV,KES,44999,4999,80,500,40000,M-KOPA,Solar,M-KOPA 400 Starter,Acquisition,MK TV,"16"" TV",383,Closed,May,2017
2017-05-28 00:00:00,M-KOPA 400 (3B) LDP v4,M-KOPA 400,Solar TV,KES,57999,5999,100,520,52000,M-KOPA,Solar,M-KOPA 400,Acquisition,MK TV,"16"" TV",420,Closed,May,2017
2017-05-28 00:00:00,M-KOPA 400 (3B) LDP  v5 Telesales,M-KOPA 400,Solar TV,KES,57999,5999,100,520,52000,M-KOPA,Solar,M-KOPA 400,Acquisition,MK TV,"16"" TV",421,Closed,May,2017
2017-06-09 00:00:00,M-KOPA Starter 4S v1,M-KOPA 4 Starter,Lights - Refurbished,KES,11500,1500,50,200,10000,M-KOPA,Solar,M-KOPA 4 Starter,Acquisition,MK Starter,2 lights,425,Closed,Jun,2017
2017-06-09 00:00:00,M-KOPA + TV v2 (Early Upgrade),M-KOPA +TV,Solar TV,KES,42500,3000,50,790,39500,M-KOPA,Solar,M-KOPA +TV,Upgrade,MK TV,"16"" TV",426,Closed,Jun,2017
2017-06-09 00:00:00,M-KOPA + TV v3 (GT),M-KOPA +TV,Solar TV,KES,45500,3000,50,850,42500,M-KOPA,Solar,M-KOPA +TV,Upgrade,MK TV,"16"" TV",427,Closed,Jun,2017
2017-06-09 00:00:00,M-KOPA 4S Upgrade Pack v1,Starter Upgrade Pack,Radio and Torch,KES,11500,1500,50,200,10000,M-KOPA,Solar,Starter Upgrade Pack,Upgrade,Addition,4 lights,428,Closed,Jun,2017
2017-06-23 00:00:00,M-KOPA 400 Zuku Smart STB v3 LD ,M-KOPA 400 Zuku,Solar TV,KES,76199,5999,135,520,70200,M-KOPA,Solar,M-KOPA 400 Zuku,Acquisition,MK TV,"16"" TV",435,Closed,Jun,2017
2017-06-23 00:00:00,M-KOPA 400 Zuku Smart STB v2 ,M-KOPA 400 Zuku,Solar TV,KES,68224,7999,165,365,60225,M-KOPA,Solar,M-KOPA 400 Zuku,Acquisition,MK TV,"16"" TV",434,Closed,Jun,2017
2017-06-23 00:00:00,M-KOPA +400 Zuku Smart v3 ,M-KOPA +400 Zuku,Solar TV,KES,68000,0,80,850,68000,M-KOPA,Solar,M-KOPA +400 Zuku,Upgrade,MK TV,"16"" TV",436,Closed,Jun,2017
2017-06-29 00:00:00,M-KOPA 400 Zuku Smart STB v3-1  LD,M-KOPA 400 Zuku,Solar TV,KES,76199,5999,135,520,70200,M-KOPA,Solar,M-KOPA 400 Zuku,Acquisition,MK TV,"16"" TV",446,Closed,Jun,2017
2017-06-29 00:00:00,M-KOPA 400 Zuku Smart STB v2-1 ,M-KOPA 400 Zuku,Solar TV,KES,68224,7999,165,365,60225,M-KOPA,Solar,M-KOPA 400 Zuku,Acquisition,MK TV,"16"" TV",444,Closed,Jun,2017
2017-06-29 00:00:00,M-KOPA 400 Zuku Smart STB v3-1 LD ,M-KOPA 400 Zuku,Solar TV,KES,68000,0,80,850,68000,M-KOPA,Solar,M-KOPA 400 Zuku,Acquisition,MK TV,"16"" TV",445,Closed,Jun,2017
2017-06-29 00:00:00,M-KOPA +400 Zuku Smart STB v3-1,M-KOPA +400 Zuku,Solar TV,KES,68000,0,80,850,68000,M-KOPA,Solar,M-KOPA +400 Zuku,Upgrade,MK TV,"16"" TV",443,Closed,Jun,2017
2017-07-14 00:00:00,M-KOPA 400 Starter v2,M-KOPA 400 Starter,Solar TV,KES,49999,4999,100,450,45000,M-KOPA,Solar,M-KOPA 400 Starter,Acquisition,MK TV,"16"" TV",450,Closed,Jul,2017
2017-07-17 00:00:00,M-KOPA Starter 3S v1,M-KOPA 3 Starter,Lights - Refurbished,KES,11500,1500,50,200,10000,M-KOPA,Solar,M-KOPA 3 Starter,Acquisition,MK Starter,2 lights,460,Closed,Jul,2017
2017-07-19 00:00:00,M-KOPA + TV Staff & DSR v2,M-KOPA +TV,Solar TV,KES,29000,1500,50,550,27500,M-KOPA,Solar,M-KOPA +TV,Upgrade,MK TV,"16"" TV",461,Closed,Jul,2017
2017-07-21 00:00:00,M-KOPA +400 Zuku Smart CAM v1,M-KOPA +400 Zuku,Solar TV,KES,68000,0,80,850,68000,M-KOPA,Solar,M-KOPA +400 Zuku,Upgrade,MK TV,"16"" TV",469,Closed,Jul,2017
2017-07-21 00:00:00,M-KOPA 400 Zuku Smart CAM v2 LD,M-KOPA 400 Zuku,Solar TV,KES,76199,5999,135,520,70200,M-KOPA,Solar,M-KOPA 400 Zuku,Acquisition,MK TV,"16"" TV",468,Closed,Jul,2017
2017-07-21 00:00:00,M-KOPA 400 Zuku Smart CAM v1,M-KOPA 400 Zuku,Solar TV,KES,68224,7999,165,365,60225,M-KOPA,Solar,M-KOPA 400 Zuku,Acquisition,MK TV,"16"" TV",467,Closed,Jul,2017
2017-08-02 00:00:00, M-KOPA 400 (20inch) v1 ,M-KOPA 400,Solar TV,KES,53624,7999,125,365,45625,M-KOPA,Solar,M-KOPA 400,Acquisition,MK TV,"20"" TV",498,Closed,Aug,2017
2017-08-02 00:00:00, M-KOPA 400 (20inch) v2 LDP ,M-KOPA 400,Solar TV,KES,57999,5999,100,520,52000,M-KOPA,Solar,M-KOPA 400,Acquisition,MK TV,"20"" TV",499,Closed,Aug,2017
2017-08-03 00:00:00,M-KOPA + TV2 v1,M-KOPA +TV,Solar TV,KES,45000,0,50,900,45000,M-KOPA,Solar,M-KOPA +TV,Upgrade,MK TV,"16"" TV",502,Closed,Aug,2017
2017-08-03 00:00:00,M-KOPA +400 (20inch) v2 - Early Upgrade,M-KOPA +400,Solar TV,KES,45000,3000,50,840,42000,M-KOPA,Solar,M-KOPA +400,Upgrade,MK TV,"20"" TV",501,Closed,Aug,2017
2017-08-03 00:00:00, M-KOPA + TV2 v2 (Early Upgrade) ,M-KOPA +TV,Solar TV,KES,45000,3000,50,840,42000,M-KOPA,Solar,M-KOPA +TV,Upgrade,MK TV,"16"" TV",503,Closed,Aug,2017
2017-08-03 00:00:00,M-KOPA +400 (20inch) v1,M-KOPA +400,Solar TV,KES,45000,0,50,900,45000,M-KOPA,Solar,M-KOPA +400,Upgrade,MK TV,"20"" TV",500,Closed,Aug,2017
2017-08-19 00:00:00, M-K5 PVT F&F ,M-KOPA 5,Lights,KES,8000,700,20,365,7300,M-KOPA,Solar,M-KOPA 5,Acquisition,MK Classic,4 lights,506,Closed,Aug,2017
2017-08-20 00:00:00, M-KOPA 400 (20inch) v4 LDP ,M-KOPA 400,Solar TV,KES,59999,5999,100,540,54000,M-KOPA,Solar,M-KOPA 400,Acquisition,MK TV,"20"" TV",515,Closed,Aug,2017
2017-08-20 00:00:00,M-KOPA +400 Zuku Smart CAM v2 ,M-KOPA +400 Zuku,Solar TV,KES,72000,0,80,900,72000,M-KOPA,Solar,M-KOPA +400 Zuku,Upgrade,MK TV,"16"" TV",512,Closed,Aug,2017
2017-08-20 00:00:00,M-KOPA +400 (20inch) v4 (d10g cust) ,M-KOPA +400,Solar TV,KES,48500,3500,50,900,45000,M-KOPA,Solar,M-KOPA +400,Upgrade,MK TV,"20"" TV",510,Closed,Aug,2017
2017-08-20 00:00:00,M-KOPA 4S Upgrade Pack v2 ,Starter Upgrade Pack,Radio and Torch,KES,10000,1500,50,170,8500,M-KOPA,Solar,Starter Upgrade Pack,Upgrade,Addition,4 lights,507,Closed,Aug,2017
2017-08-20 00:00:00,M-KOPA 400 Zuku Smart CAM v3 ,M-KOPA 400 Zuku,Solar TV,KES,68224,7999,165,365,60225,M-KOPA,Solar,M-KOPA 400 Zuku,Acquisition,MK TV,"16"" TV",511,Closed,Aug,2017
2017-08-20 00:00:00, M-KOPA 400 (20inch) v3 ,M-KOPA 400,Solar TV,KES,53624,7999,125,365,45625,M-KOPA,Solar,M-KOPA 400,Acquisition,MK TV,"20"" TV",514,Closed,Aug,2017
2017-08-20 00:00:00,M-KOPA Starter 3S v2,M-KOPA 3 Starter,Lights - Refurbished,KES,13000,1500,50,230,11500,M-KOPA,Solar,M-KOPA 3 Starter,Acquisition,MK Starter,2 lights,519,Closed,Aug,2017
2017-08-20 00:00:00, M-KOPA + TV2 v3 (GT) ,M-KOPA +TV,Solar TV,KES,48000,3000,50,900,45000,M-KOPA,Solar,M-KOPA +TV,Upgrade,MK TV,"16"" TV",517,Closed,Aug,2017
2017-08-20 00:00:00,M-KOPA 400 (20inch) v6 IndCh LDP ,M-KOPA 400,Solar TV,KES,59999,5999,100,540,54000,M-KOPA,Solar,M-KOPA 400,Acquisition,MK TV,"20"" TV",508,Closed,Aug,2017
2017-08-20 00:00:00, M-KOPA 400 (20inch) v5 IndCh ,M-KOPA 400,Solar TV,KES,53624,7999,125,365,45625,M-KOPA,Solar,M-KOPA 400,Acquisition,MK TV,"20"" TV",516,Closed,Aug,2017
2017-08-20 00:00:00,M-KOPA +400 (20inch) v3 (GT) ,M-KOPA +400,Solar TV,KES,48000,3000,50,900,45000,M-KOPA,Solar,M-KOPA +400,Upgrade,MK TV,"20"" TV",509,Closed,Aug,2017
2017-08-20 00:00:00, M-KOPA Starter 4S v2 ,M-KOPA 4 Starter,Lights - Refurbished,KES,13000,1500,50,230,11500,M-KOPA,Solar,M-KOPA 4 Starter,Acquisition,MK Starter,2 lights,513,Closed,Aug,2017
2017-08-20 00:00:00,M-KOPAv400 Zuku Smart CAM v4 LD,M-KOPA 400 Zuku,Solar TV,KES,78899,5999,135,540,72900,M-KOPA,Solar,M-KOPA 400 Zuku,Acquisition,MK TV,"16"" TV",518,Closed,Aug,2017
2017-08-24 00:00:00,M-KOPA 5 v1,M-KOPA 5,Lights,KES,22999,2999,50,400,20000,M-KOPA,Solar,M-KOPA 5,Acquisition,MK Classic,4 lights,520,Closed,Aug,2017
2017-08-24 00:00:00,M-KOPA 5 v2 IndCh,M-KOPA 5,Lights,KES,22999,2999,50,400,20000,M-KOPA,Solar,M-KOPA 5,Acquisition,MK Classic,4 lights,521,Closed,Aug,2017
2017-09-05 00:00:00,M-KOPA +400 (20inch) v5 (60/day),M-KOPA +400,Solar TV,KES,43500,0,60,725,43500,M-KOPA,Solar,M-KOPA +400,Upgrade,MK TV,"20"" TV",523,Closed,Sep,2017
2017-09-05 00:00:00,M-KOPA +400 (20inch) v6 (60/day Early Upgrade),M-KOPA +400,Solar TV,KES,43500,3000,60,675,40500,M-KOPA,Solar,M-KOPA +400,Upgrade,MK TV,"20"" TV",524,Closed,Sep,2017
2017-09-18 00:00:00,M-KOPA+5 v2 (for 3Sv2),M-KOPA 5,Lights,KES,10000,1500,50,170,8500,M-KOPA,Solar,M-KOPA 5,Upgrade,MK Classic,4 lights,527,Active,Sep,2017
2017-09-18 00:00:00,M-KOPA +5 v1 (for 3Sv1)..,M-KOPA 5,Lights,KES,11500,1500,50,200,10000,M-KOPA,Solar,M-KOPA 5,Upgrade,MK Classic,4 lights,526,Active,Sep,2017
2017-09-20 00:00:00,M-KOPA +5 v2 (for 3Sv2).,M-KOPA 5,Lights,KES,10000,1500,50,170,8500,M-KOPA,Solar,M-KOPA 5,Upgrade,MK Classic,4 lights,543,Closed,Sep,2017
2017-09-20 00:00:00,M-KOPA +5 v1 (for 3Sv1),M-KOPA 5,Lights,KES,11500,1500,50,200,10000,M-KOPA,Solar,M-KOPA 5,Upgrade,MK Classic,4 lights,542,Closed,Sep,2017
2017-10-01 00:00:00,M-KOPA Starter 3S v3,M-KOPA 3 Starter,Lights - Refurbished,KES,13300,1800,50,230,11500,M-KOPA,Solar,M-KOPA 3 Starter,Acquisition,MK Starter,2 lights,548,Closed,Oct,2017
2017-10-01 00:00:00,M-KOPA 5 v3 SLP LD pilot,M-KOPA 5,Lights,KES,23499,1999,50,430,21500,M-KOPA,Solar,M-KOPA 5,Acquisition,MK Classic,4 lights,549,Closed,Oct,2017
2017-10-22 00:00:00,M-KOPA + TV2 v4 (GT),M-KOPA +TV,Solar TV,KES,46500,1500,50,900,45000,M-KOPA,Solar,M-KOPA +TV,Upgrade,MK TV,"16"" TV",562,Closed,Oct,2017
2017-10-22 00:00:00,M-KOPA 400 (20inch) v7 ULDP,M-KOPA 400,Solar TV,KES,65999,3999,100,620,62000,M-KOPA,Solar,M-KOPA 400,Acquisition,MK TV,"20"" TV",561,Closed,Oct,2017
2017-10-30 00:00:00,M-KOPA +400 (20inch) v5 (GT),M-KOPA +400,Solar TV,KES,46500,1500,50,900,45000,M-KOPA,Solar,M-KOPA +400,Upgrade,MK TV,"20"" TV",563,Closed,Oct,2017
2017-12-11 00:00:00,"M-KOPA 400 (22"") Zuku Smart CAM v1",M-KOPA 400 Zuku,Solar TV,KES,68224,7999,165,365,60225,M-KOPA,Solar,M-KOPA 400 Zuku,Acquisition,MK TV,"22"" TV",707,Closed,Dec,2017
2017-12-11 00:00:00,"M-KOPA 400 (22"") v1",M-KOPA 400,Solar TV,KES,53624,7999,125,365,45625,M-KOPA,Solar,M-KOPA 400,Acquisition,MK TV,"22"" TV",705,Closed,Dec,2017
2017-12-11 00:00:00,"M-KOPA 400 (22"") v2 LDP",M-KOPA 400,Solar TV,KES,59999,5999,100,540,54000,M-KOPA,Solar,M-KOPA 400,Acquisition,MK TV,"22"" TV",706,Closed,Dec,2017
2017-12-11 00:00:00,"M-KOPA 400 (22"") Zuku Smart CAM v2 LD",M-KOPA 400 Zuku,Solar TV,KES,78899,5999,135,540,72900,M-KOPA,Solar,M-KOPA 400 Zuku,Acquisition,MK TV,"22"" TV",708,Closed,Dec,2017
2018-01-23 00:00:00,"M-KOPA 400 (22"") Zuku Smart CAM v4 LD.",M-KOPA 400,Solar TV,KES,78899,5999,135,540,72900,M-KOPA,Solar,M-KOPA 400,Acquisition,MK TV,"22"" TV",718,Closed,Jan,2018
2018-01-23 00:00:00,"M-KOPA 400 (22"") Zuku Smart CAM v3",M-KOPA 400 Zuku,Solar TV,KES,68224,7999,165,365,60225,M-KOPA,Solar,M-KOPA 400 Zuku,Acquisition,MK TV,"22"" TV",717,Closed,Jan,2018
2018-01-23 00:00:00,"M-KOPA 400 (22"") Zuku Smart CAM v4 LD",M-KOPA 400 Zuku,Solar TV,KES,78899,5999,135,540,72900,M-KOPA,Solar,M-KOPA 400 Zuku,Acquisition,MK TV,"22"" TV",719,Closed,Jan,2018
2018-01-23 00:00:00,"M-KOPA 400 (22"") v3",M-KOPA 400,Solar TV,KES,53624,7999,125,365,45625,M-KOPA,Solar,M-KOPA 400,Acquisition,MK TV,"22"" TV",715,Closed,Jan,2018
2018-01-23 00:00:00,"M-KOPA 400 (22"") v4 LDP",M-KOPA 400,Solar TV,KES,59999,5999,100,540,54000,M-KOPA,Solar,M-KOPA 400,Acquisition,MK TV,"22"" TV",716,Closed,Jan,2018
2018-02-01 00:00:00,"M-KOPA 500 (22"") Zuku Smart CAM v2 LDP",M-KOPA 500 Zuku,Solar TV,KES,78899,5999,135,540,72900,M-KOPA,Solar,M-KOPA 500 Zuku,Acquisition,MK TV,"22"" TV",727,Closed,Feb,2018
2018-02-01 00:00:00,"M-KOPA 500 (22"") Zuku Smart CAM v1",M-KOPA 500 Zuku,Solar TV,KES,68224,7999,165,365,60225,M-KOPA,Solar,M-KOPA 500 Zuku,Acquisition,MK TV,"22"" TV",726,Closed,Feb,2018
2018-02-01 00:00:00,M-KOPA +400 (20inch) v6 (GT),M-KOPA +400,Solar TV,KES,46500,1500,50,900,45000,M-KOPA,Solar,M-KOPA +400,Upgrade,MK TV,"20"" TV",720,Closed,Feb,2018
2018-02-01 00:00:00,"M-KOPA 500 (22"") v1",M-KOPA 500,Solar TV,KES,53624,7999,125,365,45625,M-KOPA,Solar,M-KOPA 500,Acquisition,MK TV,"22"" TV",724,Closed,Feb,2018
2018-02-01 00:00:00,"M-KOPA 500 (22"") v2 LDP",M-KOPA 500,Solar TV,KES,59999,5999,100,540,54000,M-KOPA,Solar,M-KOPA 500,Acquisition,MK TV,"22"" TV",725,Closed,Feb,2018
2018-02-13 00:00:00,"M-KOPA 500 (22"") v3 ULDP",M-KOPA 500,Solar TV,KES,67499,4999,100,625,62500,M-KOPA,Solar,M-KOPA 500,Acquisition,MK TV,"22"" TV",728,Closed,Feb,2018
2018-02-19 00:00:00,"M-KOPA +500 (20"") Zuku Smart CAM v1",M-KOPA +500 Zuku,Solar TV,KES,72000,0,80,900,72000,M-KOPA,Solar,M-KOPA +500 Zuku,Upgrade,MK TV,"20"" TV",747,Closed,Feb,2018
2018-02-19 00:00:00,"M-KOPA +500 (20"") v6 (60/day Early Upgrade)",M-KOPA +500,Solar TV,KES,43500,3000,60,675,40500,M-KOPA,Solar,M-KOPA +500,Upgrade,MK TV,"20"" TV",746,Closed,Feb,2018
2018-02-19 00:00:00,"M-KOPA +500 (20"") v5 (60/day)",M-KOPA +500,Solar TV,KES,43500,0,60,725,43500,M-KOPA,Solar,M-KOPA +500,Upgrade,MK TV,"20"" TV",745,Closed,Feb,2018
2018-02-19 00:00:00,"M-KOPA +500 (20"") v2 (Early Upgrade)",M-KOPA +500,Solar TV,KES,45000,3000,50,840,42000,M-KOPA,Solar,M-KOPA +500,Upgrade,MK TV,"20"" TV",742,Closed,Feb,2018
2018-02-19 00:00:00,"M-KOPA +500 (20"") v3 (GT)",M-KOPA +500,Solar TV,KES,46500,1500,50,900,45000,M-KOPA,Solar,M-KOPA +500,Upgrade,MK TV,"20"" TV",743,Closed,Feb,2018
2018-02-19 00:00:00,"M-KOPA +500 (22"") v4 (d10g cust)",M-KOPA +500,Solar TV,KES,48500,3500,50,900,45000,M-KOPA,Solar,M-KOPA +500,Upgrade,MK TV,"22"" TV",744,Closed,Feb,2018
2018-02-19 00:00:00,"M-KOPA +500 (20"") v1",M-KOPA +500,Solar TV,KES,45000,0,50,900,45000,M-KOPA,Solar,M-KOPA +500,Upgrade,MK TV,"20"" TV",741,Closed,Feb,2018
2018-03-09 00:00:00,M-KOPA FRIDGE Upgrade v3 - MK TV pilot B,M-KOPA +Fridge 47L,Fridge,KES,99999,9999,100,900,90000,M-KOPA,Solar,M-KOPA +Fridge 47L,Upgrade,MK Fridge,47L Fridge,753,Closed,Mar,2018
2018-03-09 00:00:00,M-KOPA FRIDGE Upgrade v2 - MK TV pilot A,M-KOPA +Fridge 47L,Fridge,KES,100000,0,125,800,100000,M-KOPA,Solar,M-KOPA +Fridge 47L,Upgrade,MK Fridge,47L Fridge,752,Closed,Mar,2018
2018-03-09 00:00:00,M-KOPA FRIDGE v1,M-KOPA Fridge 47L,Fridge,KES,105999,12999,150,620,93000,M-KOPA,Solar,M-KOPA Fridge 47L,Acquisition,MK Fridge,47L Fridge,750,Closed,Mar,2018
2018-03-09 00:00:00,M-KOPA FRIDGE Upgrade v1 - MK Classic pilot,M-KOPA +Fridge 47L,Fridge,KES,106499,6499,125,800,100000,M-KOPA,Solar,M-KOPA +Fridge 47L,Upgrade,MK Fridge,47L Fridge,751,Closed,Mar,2018
2018-03-14 00:00:00,"M-KOPA +500 (20"") v6.1 (60/day Early Upgrade)",M-KOPA +500,Solar TV,KES,43500,3000,60,675,40500,M-KOPA,Solar,M-KOPA +500,Upgrade,MK TV,"20"" TV",755,Closed,Mar,2018
2018-03-14 00:00:00,"M-KOPA +500 (20"") v7 (60/day GT)",M-KOPA +500,Solar TV,KES,45000,1500,60,725,43500,M-KOPA,Solar,M-KOPA +500,Upgrade,MK TV,"20"" TV",761,Closed,Mar,2018
2018-03-14 00:00:00,"M-KOPA + TV2 (20"") v5 (60/day)",M-KOPA +TV,Solar TV,KES,43500,0,60,725,43500,M-KOPA,Solar,M-KOPA +TV,Upgrade,MK TV,"20"" TV",762,Closed,Mar,2018
2018-03-14 00:00:00,"M-KOPA +500 (20"") v5.1 (60/day)",M-KOPA +500,Solar TV,KES,43500,0,60,725,43500,M-KOPA,Solar,M-KOPA +500,Upgrade,MK TV,"20"" TV",754,Closed,Mar,2018
2018-03-22 00:00:00,"M-KOPA +500 (20"") v9 (RT 3000 Deposit)",M-KOPA +500,Solar TV,KES,48000,3000,50,900,45000,M-KOPA,Solar,M-KOPA +500,Upgrade,MK TV,"20"" TV",767,Closed,Mar,2018
2018-03-22 00:00:00,"M-KOPA +400 (20"") v8 (RT 3000 Deposit)",M-KOPA +400,Solar TV,KES,48000,3000,50,900,45000,M-KOPA,Solar,M-KOPA +400,Upgrade,MK TV,"20"" TV",766,Closed,Mar,2018
2018-03-22 00:00:00,M-KOPA +400 (20inch) v7 (GT zero deposit),M-KOPA +400,Solar TV,KES,45000,0,50,900,45000,M-KOPA,Solar,M-KOPA +400,Upgrade,MK TV,"20"" TV",763,Closed,Mar,2018
2018-03-22 00:00:00,"M-KOPA + TV2 (20"") v6 (GT Zero Deposit)",M-KOPA +TV,Solar TV,KES,45000,0,50,900,45000,M-KOPA,Solar,M-KOPA +TV,Upgrade,MK TV,"20"" TV",765,Closed,Mar,2018
2018-03-22 00:00:00,"M-KOPA +500 (20"") v8 (GT Zero Deposit)",M-KOPA +500,Solar TV,KES,45000,0,50,900,45000,M-KOPA,Solar,M-KOPA +500,Upgrade,MK TV,"20"" TV",764,Closed,Mar,2018
2018-03-22 00:00:00,"M-KOPA + TV2 (20"") v7 (RT 3000 Deposit)",M-KOPA +TV,Solar TV,KES,48000,3000,50,900,45000,M-KOPA,Solar,M-KOPA +TV,Upgrade,MK TV,"20"" TV",768,Closed,Mar,2018
2018-04-04 00:00:00,"M-KOPA +500 (22"") v1",M-KOPA +500,Solar TV,KES,45000,0,50,900,45000,M-KOPA,Solar,M-KOPA +500,Upgrade,MK TV,"22"" TV",771,Closed,Apr,2018
2018-04-04 00:00:00,"M-KOPA +500 (22"") v3 (GT)",M-KOPA +500,Solar TV,KES,46500,1500,50,900,45000,M-KOPA,Solar,M-KOPA +500,Upgrade,MK TV,"22"" TV",773,Closed,Apr,2018
2018-04-04 00:00:00,"M-KOPA +500 (22"") v7 (RT 3000 Deposit)",M-KOPA +500,Solar TV,KES,48000,3000,50,900,45000,M-KOPA,Solar,M-KOPA +500,Upgrade,MK TV,"22"" TV",777,Closed,Apr,2018
2018-04-04 00:00:00,"M-KOPA +500 (22"") v2 (Early Upgrade)",M-KOPA +500,Solar TV,KES,45000,3000,50,840,42000,M-KOPA,Solar,M-KOPA +500,Upgrade,MK TV,"22"" TV",772,Closed,Apr,2018
2018-04-04 00:00:00,"M-KOPA +500 (22"") v5 (60/day Early Upgrade)",M-KOPA +500,Solar TV,KES,43500,3000,60,675,40500,M-KOPA,Solar,M-KOPA +500,Upgrade,MK TV,"22"" TV",775,Closed,Apr,2018
2018-04-04 00:00:00,"M-KOPA + TV (22"") v2 (Early Upgrade)",M-KOPA +TV,Solar TV,KES,45000,3000,50,840,42000,M-KOPA,Solar,M-KOPA +TV,Upgrade,MK TV,"22"" TV",780,Closed,Apr,2018
2018-04-04 00:00:00,"M-KOPA + TV (22"") v5 (RT 3000 Deposit)",M-KOPA +TV,Solar TV,KES,48000,3000,50,900,45000,M-KOPA,Solar,M-KOPA +TV,Upgrade,MK TV,"22"" TV",783,Closed,Apr,2018
2018-04-04 00:00:00,"M-KOPA + TV (22"") v3 (GT)",M-KOPA +TV,Solar TV,KES,46500,1500,50,900,45000,M-KOPA,Solar,M-KOPA +TV,Upgrade,MK TV,"22"" TV",781,Closed,Apr,2018
2018-04-04 00:00:00,"M-KOPA + TV (22"") v1",M-KOPA +TV,Solar TV,KES,45000,0,50,900,45000,M-KOPA,Solar,M-KOPA +TV,Upgrade,MK TV,"22"" TV",779,Closed,Apr,2018
2018-04-04 00:00:00,"M-KOPA +500 (22"") v6 (60/day GT)",M-KOPA +500,Solar TV,KES,45000,1500,60,725,43500,M-KOPA,Solar,M-KOPA +500,Upgrade,MK TV,"22"" TV",776,Closed,Apr,2018
2018-04-04 00:00:00,"M-KOPA +500 (22"") v4 (60/day)",M-KOPA +500,Solar TV,KES,43500,0,60,725,43500,M-KOPA,Solar,M-KOPA +500,Upgrade,MK TV,"22"" TV",774,Closed,Apr,2018
2018-04-04 00:00:00,"M-KOPA + TV (22"") v4 (60/day)",M-KOPA +TV,Solar TV,KES,43500,0,60,725,43500,M-KOPA,Solar,M-KOPA +TV,Upgrade,MK TV,"22"" TV",782,Closed,Apr,2018
2018-04-04 00:00:00,"M-KOPA +500 (22"") Zuku Smart CAM v1",M-KOPA +500 Zuku,Solar TV,KES,72000,0,80,900,72000,M-KOPA,Solar,M-KOPA +500 Zuku,Upgrade,MK TV,"22"" TV",778,Closed,Apr,2018
2018-04-05 00:00:00,M-KOPA Starter 4S v3,M-KOPA 4 Starter,Lights - Refurbished,KES,13300,1800,50,230,11500,M-KOPA,Solar,M-KOPA 4 Starter,Acquisition,MK Starter,2 lights,784,Closed,Apr,2018
2018-05-29 00:00:00,M-KOPA FRIDGE v2,M-KOPA Fridge 47L,Fridge,KES,99999,9999,150,600,90000,M-KOPA,Solar,M-KOPA Fridge 47L,Acquisition,MK Fridge,47L Fridge,820,Closed,May,2018
2018-05-30 00:00:00,"M-KOPA +500 (24"") v1 F&F",M-KOPA +500,Solar TV,KES,45000,0,50,900,45000,M-KOPA,Solar,M-KOPA +500,Upgrade,MK TV,"24"" TV",822,Closed,May,2018
2018-05-30 00:00:00,"M-KOPA + TV (24"") v1 F&F",M-KOPA +TV,Solar TV,KES,45000,0,50,900,45000,M-KOPA,Solar,M-KOPA +TV,Upgrade,MK TV,"24"" TV",823,Closed,May,2018
2018-05-30 00:00:00,"M-KOPA 500 (24"") v1 F&F",M-KOPA 500,Solar TV,KES,53624,7999,125,365,45625,M-KOPA,Solar,M-KOPA 500,Acquisition,MK TV,"24"" TV",821,Closed,May,2018
2018-07-01 00:00:00,"M-KOPA + TV (22"") v8 (GT) ",M-KOPA +TV,Solar TV,KES,52500,1500,60,850,51000,M-KOPA,Solar,M-KOPA +TV,Upgrade,MK TV,"22"" TV",851,Closed,Jul,2018
2018-07-01 00:00:00,M-KOPA +5 v3 (for 3Sv4),Starter Upgrade Pack,Lights,KES,10999,999,50,200,10000,M-KOPA,Solar,Starter Upgrade Pack,Upgrade,Addition,4 lights,844,Closed,Jul,2018
2018-07-01 00:00:00,"M-KOPA + TV (22"") v6",M-KOPA +TV,Solar TV,KES,51000,0,60,850,51000,M-KOPA,Solar,M-KOPA +TV,Upgrade,MK TV,"22"" TV",849,Closed,Jul,2018
2018-07-01 00:00:00,"M-KOPA 500 (22"") Zuku Smart CAM v3",M-KOPA 500 Zuku,Solar TV,KES,81749,7499,135,550,74250,M-KOPA,Solar,M-KOPA 500 Zuku,Acquisition,MK TV,"22"" TV",847,Closed,Jul,2018
2018-07-01 00:00:00,M-KOPA 5 v4,M-KOPA 5,Lights,KES,23999,2999,50,420,21000,M-KOPA,Solar,M-KOPA 5,Acquisition,MK Classic,4 lights,840,Closed,Jul,2018
2018-07-01 00:00:00,M-KOPA 4S Upgrade Pack v3,Starter Upgrade Pack,Radio and Torch,KES,10999,999,50,200,10000,M-KOPA,Solar,Starter Upgrade Pack,Upgrade,Addition,4 lights,843,Closed,Jul,2018
2018-07-01 00:00:00,"M-KOPA +500 (22"") v10 (GT)",M-KOPA +500,Solar TV,KES,46500,1500,50,900,45000,M-KOPA,Solar,M-KOPA +500,Upgrade,MK TV,"22"" TV",854,Active,Jul,2018
2018-07-01 00:00:00,"M-KOPA 500 (22"") v4",M-KOPA 500,Solar TV,KES,54999,7499,125,380,47500,M-KOPA,Solar,M-KOPA 500,Acquisition,MK TV,"22"" TV",845,Closed,Jul,2018
2018-07-01 00:00:00,M-KOPA Starter 3S v4,M-KOPA 3 Starter,Lights - Refurbished,KES,13999,1599,50,248,12400,M-KOPA,Solar,M-KOPA 3 Starter,Acquisition,MK Starter,2 lights,841,Closed,Jul,2018
2018-07-01 00:00:00,"M-KOPA 500 (22"") v5 LDP",M-KOPA 500,Solar TV,KES,62999,5999,100,570,57000,M-KOPA,Solar,M-KOPA 500,Acquisition,MK TV,"22"" TV",846,Closed,Jul,2018
2018-07-01 00:00:00,M-KOPA Starter 4S v4,M-KOPA 4 Starter,Lights - Refurbished,KES,13999,1599,50,248,12400,M-KOPA,Solar,M-KOPA 4 Starter,Acquisition,MK Starter,2 lights,842,Closed,Jul,2018
2018-07-01 00:00:00,"M-KOPA + TV (22"") v7 (Early Upgrade)",M-KOPA +TV,Solar TV,KES,49000,4000,50,900,45000,M-KOPA,Solar,M-KOPA +TV,Upgrade,MK TV,"22"" TV",850,Closed,Jul,2018
2018-07-01 00:00:00,"M-KOPA +500 (22"") v8",M-KOPA +500,Solar TV,KES,51000,0,60,850,51000,M-KOPA,Solar,M-KOPA +500,Upgrade,MK TV,"22"" TV",852,Closed,Jul,2018
2018-07-01 00:00:00,"M-KOPA +500 (22"") v9 (Early Upgrade)",M-KOPA +500,Solar TV,KES,49000,4000,50,900,45000,M-KOPA,Solar,M-KOPA +500,Upgrade,MK TV,"22"" TV",853,Closed,Jul,2018
2018-07-01 00:00:00,"M-KOPA +500 (22"") Zuku Smart CAM v2",M-KOPA +500 Zuku,Solar TV,KES,76500,0,85,900,76500,M-KOPA,Solar,M-KOPA +500 Zuku,Upgrade,MK TV,"22"" TV",848,Closed,Jul,2018
2018-07-02 00:00:00,"M-KOPA +500 (22"") v10(GT)",M-KOPA +500,Solar TV,KES,52500,1500,60,850,51000,M-KOPA,Solar,M-KOPA +500,Upgrade,MK TV,"22"" TV",856,Closed,Jul,2018
2018-07-05 00:00:00,"M-KOPA +500 (24"") v4 (GT)",M-KOPA +500,Solar TV,KES,52500,1500,60,850,51000,M-KOPA,Solar,M-KOPA +500,Upgrade,MK TV,"24"" TV",869,Closed,Jul,2018
2018-07-05 00:00:00,"M-KOPA 500 (24"") Zuku Smart CAM v1",M-KOPA 500 Zuku,Solar TV,KES,81749,74999,135,550,6750,M-KOPA,Solar,M-KOPA 500 Zuku,Acquisition,MK TV,"24"" TV",874,Closed,Jul,2018
2018-07-05 00:00:00,"M-KOPA + TV (24"") v2",M-KOPA +TV,Solar TV,KES,51000,0,60,850,51000,M-KOPA,Solar,M-KOPA +TV,Upgrade,MK TV,"24"" TV",870,Closed,Jul,2018
2018-07-05 00:00:00,"M-KOPA +500 (24"") v3 (Early Upgrade)",M-KOPA +500,Solar TV,KES,49000,4000,50,900,45000,M-KOPA,Solar,M-KOPA +500,Upgrade,MK TV,"24"" TV",868,Closed,Jul,2018
2018-07-05 00:00:00,"M-KOPA +500 (24"") v2",M-KOPA +500,Solar TV,KES,51000,0,60,850,51000,M-KOPA,Solar,M-KOPA +500,Upgrade,MK TV,"24"" TV",867,Closed,Jul,2018
2018-07-05 00:00:00,"M-KOPA 500 (24"") Zuku Smart CAM V1.",M-KOPA 500 Zuku,Solar TV,KES,81749,7499,135,550,74250,M-KOPA,Solar,M-KOPA 500 Zuku,Acquisition,MK TV,"24"" TV",876,Closed,Jul,2018
2018-07-05 00:00:00,"M-KOPA 500 (24"") v3 LDP",M-KOPA 500,Solar TV,KES,62999,5999,100,570,57000,M-KOPA,Solar,M-KOPA 500,Acquisition,MK TV,"24"" TV",865,Closed,Jul,2018
2018-07-05 00:00:00,"M-KOPA + TV (24"") v5 (GT)",M-KOPA +TV,Solar TV,KES,52500,1500,60,850,51000,M-KOPA,Solar,M-KOPA +TV,Upgrade,MK TV,"24"" TV",872,Closed,Jul,2018
2018-07-05 00:00:00,"M-KOPA +500 (24"") Zuku Smart CAM v1",M-KOPA +500 Zuku,Solar TV,KES,76500,0,85,900,76500,M-KOPA,Solar,M-KOPA +500 Zuku,Upgrade,MK TV,"24"" TV",875,Closed,Jul,2018
2018-07-05 00:00:00,"M-KOPA 500 (24"") v2",M-KOPA 500,Solar TV,KES,54999,7499,125,380,47500,M-KOPA,Solar,M-KOPA 500,Acquisition,MK TV,"24"" TV",864,Closed,Jul,2018
2018-07-05 00:00:00,"M-KOPA + TV (24"") v3 (Early Upgrade)",M-KOPA +TV,Solar TV,KES,49000,4000,50,900,45000,M-KOPA,Solar,M-KOPA +TV,Upgrade,MK TV,"24"" TV",871,Closed,Jul,2018
2018-07-05 00:00:00,"M-KOPA 500 (24"") v4 Safaricom Pilot",M-KOPA 500,Solar TV,KES,59999,2999,100,570,57000,M-KOPA,Solar,M-KOPA 500,Acquisition,MK TV,"24"" TV",866,Closed,Jul,2018
2018-07-12 00:00:00,"M-KOPA 500 (24"") v5 ULDP",M-KOPA 500,Solar TV,KES,62999,4999,100,580,58000,M-KOPA,Solar,M-KOPA 500,Acquisition,MK TV,"24"" TV",880,Closed,Jul,2018
2018-08-05 00:00:00,M-KOPA +Starter 4S v1 (d10g cust),M-KOPA 4 Starter,Lights - Refurbished,KES,10999,999,50,200,10000,M-KOPA,Solar,M-KOPA 4 Starter,Acquisition,MK Starter,2 lights,894,Closed,Aug,2018
2018-08-22 00:00:00,"M-KOPA +500 (24"") v5 (d10g d20g cust)",M-KOPA +500,Solar TV,KES,54500,3500,60,850,51000,M-KOPA,Solar,M-KOPA +500,Upgrade,MK TV,"24"" TV",895,Closed,Aug,2018
2018-08-22 00:00:00,"M-KOPA +400 (16"") v9 (M-KOPA 400K cust)",M-KOPA +400,Solar TV,KES,22500,0,125,180,22500,M-KOPA,Solar,M-KOPA +400,Upgrade,MK TV,"16"" TV",896,Closed,Aug,2018
2018-08-23 00:00:00,M-KOPA +5 v4 (d10g d20g cust),M-KOPA 5,Lights,KES,19999,999,50,380,19000,M-KOPA,Solar,M-KOPA 5,Upgrade,MK Classic,4 lights,900,Closed,Aug,2018
2018-08-23 00:00:00,"M-KOPA +500 (24"") v6 Staff",M-KOPA +500,Solar TV,KES,32000,2000,50,600,30000,M-KOPA,Solar,M-KOPA +500,Upgrade,MK TV,"24"" TV",904,Closed,Aug,2018
2018-08-23 00:00:00,"M-KOPA 500 (24"") Zuku Smart CAM v2 Staff",M-KOPA 500 Zuku,Solar TV,KES,44974,2999,115,365,41975,M-KOPA,Solar,M-KOPA 500 Zuku,Acquisition,MK TV,"24"" TV",903,Closed,Aug,2018
2018-08-23 00:00:00,"M-KOPA 500 (24"") v6 Demo",M-KOPA 500,Solar TV,KES,35849,2999,90,365,32850,M-KOPA,Solar,M-KOPA 500,Acquisition,MK TV,"24"" TV",901,Closed,Aug,2018
2018-08-23 00:00:00,"M-KOPA + TV (24"") v6 (Staff)",M-KOPA +TV,Solar TV,KES,30000,0,50,600,30000,M-KOPA,Solar,M-KOPA +TV,Upgrade,MK TV,"24"" TV",906,Closed,Aug,2018
2018-08-23 00:00:00,"M-KOPA +500 (24"") Zuku Smart CAM v2 Staff",M-KOPA +500 Zuku,Solar TV,KES,45000,0,75,600,45000,M-KOPA,Solar,M-KOPA +500 Zuku,Upgrade,MK TV,"24"" TV",905,Closed,Aug,2018
2018-08-23 00:00:00,"M-KOPA 500 (24"") v7 Staff",M-KOPA 500,Solar TV,KES,35849,2999,90,365,32850,M-KOPA,Solar,M-KOPA 500,Acquisition,MK TV,"24"" TV",902,Closed,Aug,2018
2018-08-25 00:00:00,M-KOPA 5 v6 Staff,M-KOPA 5,Lights,KES,15599,999,40,365,14600,M-KOPA,Solar,M-KOPA 5,Acquisition,MK Classic,4 lights,909,Closed,Aug,2018
2018-08-25 00:00:00,M-KOPA 5 v5 Demo,M-KOPA 5,Lights,KES,15599,999,40,365,14600,M-KOPA,Solar,M-KOPA 5,Acquisition,MK Classic,4 lights,910,Closed,Aug,2018
2018-08-25 00:00:00,"M-KOPA +400 (16"") v8 (M-KOPA 300 cust)",M-KOPA +400,Solar TV,KES,25000,0,100,250,25000,M-KOPA,Solar,M-KOPA +400,Upgrade,MK TV,"16"" TV",908,Closed,Aug,2018
2018-09-13 00:00:00,"M-KOPA +500 (24"") v8 (2nd TV)",M-KOPA +500,Solar TV,KES,45625,0,125,365,45625,M-KOPA,Solar,M-KOPA +500,Upgrade,MK TV,"24"" TV",920,Closed,Sep,2018
2018-09-13 00:00:00,"M-KOPA + TV (24"") v7 (GT Zero Deposit)",M-KOPA +TV,Solar TV,KES,51000,0,60,850,51000,M-KOPA,Solar,M-KOPA +TV,Upgrade,MK TV,"24"" TV",921,Closed,Sep,2018
2018-09-13 00:00:00,"M-KOPA +500 (24"") v7 (GT Zero Deposit)",M-KOPA +500,Solar TV,KES,51000,0,60,850,51000,M-KOPA,Solar,M-KOPA +500,Upgrade,MK TV,"24"" TV",922,Closed,Sep,2018
2018-09-25 00:00:00,M-KOPA Fridge v3 100L,M-KOPA Fridge 100L,Fridge,KES,128999,8999,200,600,120000,M-KOPA,Solar,M-KOPA Fridge 100L,Acquisition,MK Fridge,100L Fridge,934,Closed,Sep,2018
2018-09-25 00:00:00,M-KOPA Fridge Upgrade v5  - MK TV 100L,M-KOPA +Fridge 100L,Fridge,KES,126499,4999,135,900,121500,M-KOPA,Solar,M-KOPA +Fridge 100L,Upgrade,MK Fridge,100L Fridge,936,Closed,Sep,2018
2018-09-25 00:00:00,M-KOPA Fridge Upgrade v4 - MK Classic 100L,M-KOPA +Fridge 100L,Fridge,KES,129499,7999,135,900,121500,M-KOPA,Solar,M-KOPA +Fridge 100L,Upgrade,MK Fridge,100L Fridge,935,Closed,Sep,2018
2018-10-12 00:00:00,"M-KOPA 600 (24"") v1 F&F",M-KOPA 600,Solar TV,KES,64999,5999,100,590,59000,M-KOPA,Solar,M-KOPA 600,Acquisition,MK TV,"24"" TV",941,Closed,Oct,2018
2018-10-12 00:00:00,"M-KOPA 600 (24"") Zuku Smart CAM v1 F&F",M-KOPA 600 Zuku,Solar TV,KES,81749,7499,135,550,74250,M-KOPA,Solar,M-KOPA 600 Zuku,Acquisition,MK TV,"24"" TV",940,Closed,Oct,2018
2018-11-04 00:00:00,"M-KOPA 500 (24"") v8 ULDP",M-KOPA 500,Solar TV,KES,64999,4999,100,600,60000,M-KOPA,Solar,M-KOPA 500,Acquisition,MK TV,"24"" TV",954,Closed,Nov,2018
2018-11-09 00:00:00,"M-KOPA 6000 (32"") Zuku Smart CAM v1 F&F",M-KOPA 6000 Zuku,Solar TV,KES,103499,10999,185,500,92500,M-KOPA,Solar,M-KOPA 6000 Zuku,Acquisition,MK TV,"32"" TV",959,Closed,Nov,2018
2018-11-09 00:00:00,"M-KOPA 6000 (32"") v1 F&F.",M-KOPA 6000,Solar TV,KES,84999,9999,150,500,75000,M-KOPA,Solar,M-KOPA 6000,Acquisition,MK TV,"32"" TV",958,Closed,Nov,2018
2018-11-09 00:00:00,"M-KOPA 6000 (32"") v1 F&F",M-KOPA 6000,Solar TV,KES,84999,9999,150,500,75000,M-KOPA,Solar,M-KOPA 6000,Acquisition,MK TV,"32"" TV",957,Active,Nov,2018
2018-11-30 00:00:00,"M-KOPA 600 (24"") Zuku Smart CAM v3",M-KOPA 600 Zuku,Solar TV,KES,86649,6999,135,590,79650,M-KOPA,Solar,M-KOPA 600 Zuku,Acquisition,MK TV,"24"" TV",970,Closed,Nov,2018
2018-11-30 00:00:00,"M-KOPA 600 (24"") v2",M-KOPA 600,Solar TV,KES,64999,5999,100,590,59000,M-KOPA,Solar,M-KOPA 600,Acquisition,MK TV,"24"" TV",969,Closed,Nov,2018
2018-12-03 00:00:00,M-KOPA +Starter 3S v1,M-KOPA 3 Starter,Lights - Refurbished,KES,10999,999,50,200,10000,M-KOPA,Solar,M-KOPA 3 Starter,Upgrade,MK Starter,2 lights,985,Closed,Dec,2018
2018-12-03 00:00:00,"M-KOPA +500 (24"") v9 (2nd TV)",M-KOPA +500,Solar TV,KES,45000,0,125,360,45000,M-KOPA,Solar,M-KOPA +500,Upgrade,MK TV,"24"" TV",993,Closed,Dec,2018
2018-12-03 00:00:00,"M-KOPA +500 (24"") v11 (Trade-In TV @ 125/day)",M-KOPA +500,Solar TV,KES,40000,0,125,320,40000,M-KOPA,Solar,M-KOPA +500,Upgrade,MK TV,"24"" TV",992,Closed,Dec,2018
2018-12-03 00:00:00,"M-KOPA +500 (24"") v12 (Trade-In TV)",M-KOPA +500,Solar TV,KES,36000,0,60,600,36000,M-KOPA,Solar,M-KOPA +500,Upgrade,MK TV,"24"" TV",991,Closed,Dec,2018
2018-12-07 00:00:00,"M-KOPA 6000 (32"") Zuku Smart CAM v2",M-KOPA 6000 Zuku,Solar TV,KES,103499,10999,185,500,92500,M-KOPA,Solar,M-KOPA 6000 Zuku,Acquisition,MK TV,"32"" TV",996,Closed,Dec,2018
2018-12-07 00:00:00,"M-KOPA 6000 (32"") v2",M-KOPA 6000,Solar TV,KES,84999,9999,150,500,75000,M-KOPA,Solar,M-KOPA 6000,Acquisition,MK TV,"32"" TV",995,Closed,Dec,2018
2019-01-14 00:00:00,"M-KOPA +500 (24"") v6 (d10g d20g cust)",M-KOPA +500,Solar TV,KES,56500,2500,60,900,54000,M-KOPA,Solar,M-KOPA +500,Upgrade,MK TV,"24"" TV",999,Closed,Jan,2019
2019-01-15 00:00:00,"M-KOPA +500 (24"") Zuku Smart CAM v3 (d-series)",M-KOPA +500 Zuku,Solar TV,KES,80000,3500,85,900,76500,M-KOPA,Solar,M-KOPA +500 Zuku,Upgrade,MK TV,"24"" TV",1000,Closed,Jan,2019
2019-01-21 00:00:00,"M-KOPA 6000 (32"") v4 LD LR",M-KOPA 6000,Solar TV,KES,91699,7999,135,620,83700,M-KOPA,Solar,M-KOPA 6000,Acquisition,MK TV,"32"" TV",1007,Closed,Jan,2019
2019-01-21 00:00:00,"M-KOPA 6000 (32"") v3 LD",M-KOPA 6000,Solar TV,KES,91999,7999,150,560,84000,M-KOPA,Solar,M-KOPA 6000,Acquisition,MK TV,"32"" TV",1006,Closed,Jan,2019
2019-02-17 00:00:00,"MK+6000 (32"") v2 (2nd TV for +400,+500,+TV)",M-KOPA +6000,Solar TV,KES,77999,5999,80,900,72000,M-KOPA,Solar,M-KOPA +6000,Upgrade,MK TV,"32"" TV",1025,Closed,Feb,2019
2019-02-18 00:00:00,"MK+6000 (32"") v1 (2nd TV for 400,500)",M-KOPA +6000,Solar TV,KES,77999,2999,125,600,75000,M-KOPA,Solar,M-KOPA +6000,Upgrade,MK TV,"32"" TV",1035,Closed,Feb,2019
2019-02-20 00:00:00,"M-KOPA +500 (24"") v13",M-KOPA +500,Solar TV,KES,46750,0,55,850,46750,M-KOPA,Solar,M-KOPA +500,Upgrade,MK TV,"24"" TV",1041,Closed,Feb,2019
2019-02-20 00:00:00,"M-KOPA +500 (24"") v15 (d-series)",M-KOPA +500,Solar TV,KES,52000,2500,55,900,49500,M-KOPA,Solar,M-KOPA +500,Upgrade,MK TV,"24"" TV",1038,Closed,Feb,2019
2019-02-20 00:00:00,"M-KOPA +500 (24"") Zuku Smart CAM v5 (d-series)",M-KOPA +500 Zuku,Solar TV,KES,75500,3500,80,900,72000,M-KOPA,Solar,M-KOPA +500 Zuku,Upgrade,MK TV,"24"" TV",1039,Closed,Feb,2019
2019-02-20 00:00:00,"M-KOPA +500 (24"") Zuku Smart CAM v4Â ",M-KOPA +500 Zuku,Solar TV,KES,72000,0,80,900,72000,M-KOPA,Solar,M-KOPA +500 Zuku,Upgrade,MK TV,"24"" TV",1040,Closed,Feb,2019
2019-02-20 00:00:00,"M-KOPA +500 (24"") v14 (GT)",M-KOPA +500,Solar TV,KES,48250,1500,55,850,46750,M-KOPA,Solar,M-KOPA +500,Upgrade,MK TV,"24"" TV",1037,Closed,Feb,2019
2019-03-16 00:00:00,"M-KOPA +600 (24"") v2 (d-series)",M-KOPA +600,Solar TV,KES,56500,2500,60,900,54000,M-KOPA,Solar,M-KOPA +600,Upgrade,MK TV,"24"" TV",1108,Closed,Mar,2019
2019-03-16 00:00:00,"M-KOPA +600 (24"") v3",M-KOPA +600,Solar TV,KES,51000,0,60,850,51000,M-KOPA,Solar,M-KOPA +600,Upgrade,MK TV,"24"" TV",1109,Closed,Mar,2019
2019-03-16 00:00:00,"M-KOPA +600 (24"") v1 (GT)",M-KOPA +600,Solar TV,KES,55500,1500,60,900,54000,M-KOPA,Solar,M-KOPA +600,Upgrade,MK TV,"24"" TV",1107,Closed,Mar,2019
2019-03-20 00:00:00,"M-KOPA +600 (24"") v8 (2nd TV @125/day)",M-KOPA +600,Solar TV,KES,45000,0,125,360,45000,M-KOPA,Solar,M-KOPA +600,Upgrade,MK TV,"24"" TV",1114,Closed,Mar,2019
2019-03-20 00:00:00,"M-KOPA +600 (24"") v4",M-KOPA +600,Solar TV,KES,54000,0,60,900,54000,M-KOPA,Solar,M-KOPA +600,Upgrade,MK TV,"24"" TV",1112,Closed,Mar,2019
2019-03-20 00:00:00,"M-KOPA +600 (24"") v9 (2nd TV @60/day)",M-KOPA +600,Solar TV,KES,54000,0,60,900,54000,M-KOPA,Solar,M-KOPA +600,Upgrade,MK TV,"24"" TV",1115,Closed,Mar,2019
2019-03-20 00:00:00,"M-KOPA +600 (24"") v7 (Early Upgrade)",M-KOPA +600,Solar TV,KES,58000,4000,60,900,54000,M-KOPA,Solar,M-KOPA +600,Upgrade,MK TV,"24"" TV",1113,Closed,Mar,2019
2019-03-20 00:00:00,"M-KOPA +600 (24"") Zuku Smart CAM v5",M-KOPA +600 Zuku,Solar TV,KES,81000,0,90,900,81000,M-KOPA,Solar,M-KOPA +600 Zuku,Upgrade,MK TV,"24"" TV",1116,Closed,Mar,2019
2019-03-20 00:00:00,"M-KOPA +600 (24"") Zuku Smart CAM v6 (d-series)",M-KOPA +600 Zuku,Solar TV,KES,84500,3500,90,900,81000,M-KOPA,Solar,M-KOPA +600 Zuku,Upgrade,MK TV,"24"" TV",1117,Closed,Mar,2019
2019-03-23 00:00:00,"M-KOPA 600 (32""Grid TV) v1 F&F",M-KOPA 600 Grid,Grid TV,KES,49499,5499,100,440,44000,M-KOPA,Solar,M-KOPA 600 Grid,Acquisition,MK TV,"32"" TV",1118,Closed,Mar,2019
2019-03-29 00:00:00,"M-KOPA 6000 (32"") v5 HD LR",M-KOPA 6000,Solar TV,KES,89649,9999,135,590,79650,M-KOPA,Solar,M-KOPA 6000,Acquisition,MK TV,"32"" TV",1120,Closed,Mar,2019
2019-03-29 00:00:00,"M-KOPA 6000 (32"") Zuku Smart CAM HD LR v7",M-KOPA 6000 Zuku,Solar TV,KES,111299,10999,170,590,100300,M-KOPA,Solar,M-KOPA 6000 Zuku,Acquisition,MK TV,"32"" TV",1122,Closed,Mar,2019
2019-03-29 00:00:00,"M-KOPA 6000 (32"") v6 MD LR",M-KOPA 6000,Solar TV,KES,95399,8999,135,640,86400,M-KOPA,Solar,M-KOPA 6000,Acquisition,MK TV,"32"" TV",1121,Closed,Mar,2019
2019-04-15 00:00:00,"M-KOPA +600 (24"") v11 (GT Early Upgrade)",M-KOPA +600,Solar TV,KES,55500,1500,60,900,54000,M-KOPA,Solar,M-KOPA +600,Upgrade,MK TV,"24"" TV",1134,Closed,Apr,2019
2019-04-15 00:00:00,"M-KOPA +600 (24"") v10 (Early Upgrade)",M-KOPA +600,Solar TV,KES,54000,0,60,900,54000,M-KOPA,Solar,M-KOPA +600,Upgrade,MK TV,"24"" TV",1133,Closed,Apr,2019
2019-04-25 00:00:00,M-KOPA FRIDGE v4 100L,M-KOPA Fridge 100L,Fridge,KES,95000,2500,125,740,92500,M-KOPA,Solar,M-KOPA Fridge 100L,Acquisition,MK Fridge,100L Fridge,1140,Closed,Apr,2019
2019-04-30 00:00:00,M-KOPA 5 v7 (BURN),M-KOPA 5,Lights,KES,24299,3299,50,420,21000,M-KOPA,Solar,M-KOPA 5,Acquisition,MK Classic,4 lights,1141,Closed,Apr,2019
2019-04-30 00:00:00,"M-KOPA 6000 (32"") v9 MD LR (BURN)",M-KOPA 6000,Solar TV,KES,95699,9299,135,640,86400,M-KOPA,Solar,M-KOPA 6000,Acquisition,MK TV,"32"" TV",1145,Closed,Apr,2019
2019-04-30 00:00:00,"M-KOPA 600 (24"") Zuku Smart CAM v4 (BURN)",M-KOPA 600 Zuku,Solar TV,KES,86949,7299,135,590,79650,M-KOPA,Solar,M-KOPA 600 Zuku,Acquisition,MK TV,"24"" TV",1143,Closed,Apr,2019
2019-04-30 00:00:00,"M-KOPA 6000 (32"") v8 HD LR (BURN)",M-KOPA 6000,Solar TV,KES,89949,10299,135,590,79650,M-KOPA,Solar,M-KOPA 6000,Acquisition,MK TV,"32"" TV",1144,Closed,Apr,2019
2019-04-30 00:00:00,"M-KOPA 600 (24"") v3 (BURN)",M-KOPA 600,Solar TV,KES,65299,6299,100,590,59000,M-KOPA,Solar,M-KOPA 600,Acquisition,MK TV,"24"" TV",1142,Closed,Apr,2019
2019-05-01 00:00:00,"M-KOPA 6000 (32"") Zuku Smart CAM HD LR v10 (BURN)",M-KOPA 6000 Zuku,Solar TV,KES,111599,11299,170,590,100300,M-KOPA,Solar,M-KOPA 6000 Zuku,Acquisition,MK TV,"32"" TV",1146,Closed,May,2019
2019-05-02 00:00:00,"M-KOPA +600 (24"") v13",M-KOPA +600,Solar TV,KES,54000,0,60,900,54000,M-KOPA,Solar,M-KOPA +600,Upgrade,MK TV,"24"" TV",1148,Closed,May,2019
2019-05-02 00:00:00,"M-KOPA +600 (24"") v14 (GT)",M-KOPA +600,Solar TV,KES,55500,1500,60,900,54000,M-KOPA,Solar,M-KOPA +600,Upgrade,MK TV,"24"" TV",1149,Closed,May,2019
2019-05-05 00:00:00,"MK +Starter 4S v6 GT's,RT's",M-KOPA 4 Starter,Lights - Refurbished,KES,5499,999,30,150,4500,M-KOPA,Solar,M-KOPA 4 Starter,Upsell,MK Starter,2 lights,1156,Closed,May,2019
2019-05-05 00:00:00,M-KOPA +Starter 4S v7 (FP TV's cust),M-KOPA 4 Starter,Lights - Refurbished,KES,4250,0,50,85,4250,M-KOPA,Solar,M-KOPA 4 Starter,Upgrade,MK Starter,2 lights,1157,Closed,May,2019
2019-05-05 00:00:00,MK +Starter 4S v5 CG's,M-KOPA 4 Starter,Lights - Refurbished,KES,4500,0,30,150,4500,M-KOPA,Solar,M-KOPA 4 Starter,Upsell,MK Starter,2 lights,1155,Closed,May,2019
2019-05-06 00:00:00,M-KOPA +Starter 4S v8 (FP TV's cust),M-KOPA 4 Starter,Lights - Refurbished,KES,4250,0,50,85,4250,M-KOPA,Solar,M-KOPA 4 Starter,Upgrade,MK Starter,2 lights,1158,Closed,May,2019
2019-05-06 00:00:00,"M-KOPA +6000 (32"") v3 LD ",M-KOPA +6000,Solar TV,KES,75000,0,125,600,75000,M-KOPA,Solar,M-KOPA +6000,Upgrade,MK TV,"32"" TV",1159,Closed,May,2019
2019-05-07 00:00:00,MK6000 Fan Nigeria,M-KOPA Fan,Fan,KES,160,10,5,30,150,M-KOPA,Solar,M-KOPA Fan,Upgrade,Addition,"12"" Fan",1162,Closed,May,2019
2019-05-07 00:00:00,MK6000 TV Nigeria,M-KOPA 6000,Solar TV,KES,160,10,5,30,150,M-KOPA,Solar,M-KOPA 6000,Acquisition,MK TV,"32"" TV",1161,Closed,May,2019
2019-05-13 00:00:00,"MK+6000 (32"") v8 (for TV Upgrade cust)",M-KOPA +6000,Solar TV,KES,77999,5999,80,900,72000,M-KOPA,Solar,M-KOPA +6000,Upgrade,MK TV,"32"" TV",1163,Closed,May,2019
2019-05-29 00:00:00,"M-KOPA +600 (24"") Zuku Smart CAM v7",M-KOPA +600 Zuku,Solar TV,KES,81000,0,90,900,81000,M-KOPA,Solar,M-KOPA +600 Zuku,Upgrade,MK TV,"24"" TV",1172,Closed,May,2019
2019-05-29 00:00:00,M-KOPA 6 Staff F&F,M-KOPA 6,Lights,KES,24999,2999,50,440,22000,M-KOPA,Solar,M-KOPA 6,Acquisition,MK Classic,4 lights,1170,Closed,May,2019
2019-05-29 00:00:00,"M-KOPA +600 (24"") v15 (Early Upgrade)",M-KOPA +600,Solar TV,KES,55500,1500,60,900,54000,M-KOPA,Solar,M-KOPA +600,Upgrade,MK TV,"24"" TV",1171,Closed,May,2019
2019-06-12 00:00:00,"M-KOPA 6000 (32"") v12 Demo",M-KOPA 6000,Solar TV,KES,58999,4999,120,450,54000,M-KOPA,Solar,M-KOPA 6000,Acquisition,MK TV,"32"" TV",1173,Closed,Jun,2019
2019-06-18 00:00:00,"M-KOPA 6000 (32"") v8 MD LR",M-KOPA 6000,Solar TV,KES,95399,8999,135,640,86400,M-KOPA,Solar,M-KOPA 6000,Acquisition,MK TV,"32"" TV",1183,Closed,Jun,2019
2019-06-18 00:00:00,"M-KOPA 6000 (32"") v7 HD LR",M-KOPA 6000,Solar TV,KES,89649,9999,135,590,79650,M-KOPA,Solar,M-KOPA 6000,Acquisition,MK TV,"32"" TV",1182,Closed,Jun,2019
2019-06-19 00:00:00,"MK+6000 (32"") v9 (for TV Upgrade cust)",M-KOPA +6000,Solar TV,KES,78999,2499,85,900,76500,M-KOPA,Solar,M-KOPA +6000,Upgrade,MK TV,"32"" TV",1184,Closed,Jun,2019
2019-06-24 00:00:00,M-KOPA Fridge Upgrade v11  - MK TV 100L,M-KOPA +Fridge 100L,Fridge,KES,100000,0,125,800,100000,M-KOPA,Solar,M-KOPA +Fridge 100L,Upgrade,MK Fridge,100L Fridge,1194,Closed,Jun,2019
2019-06-24 00:00:00,M-KOPA Fridge Upgrade v6  - MK TV 100L,M-KOPA +Fridge 100L,Fridge,KES,69999,2499,75,900,67500,M-KOPA,Solar,M-KOPA +Fridge 100L,Upgrade,MK Fridge,100L Fridge,1189,Closed,Jun,2019
2019-06-24 00:00:00,M-KOPA Fridge v12 100L,M-KOPA Fridge 100L,Fridge,KES,115000,10000,150,700,105000,M-KOPA,Solar,M-KOPA Fridge 100L,Acquisition,MK Fridge,100L Fridge,1195,Closed,Jun,2019
2019-06-24 00:00:00,M-KOPA Fridge Upgrade v9  - MK TV 100L,M-KOPA +Fridge 100L,Fridge,KES,80000,0,100,800,80000,M-KOPA,Solar,M-KOPA +Fridge 100L,Upgrade,MK Fridge,100L Fridge,1192,Closed,Jun,2019
2019-06-24 00:00:00,M-KOPA Fridge Upgrade v7  - MK TV 100L,M-KOPA +Fridge 100L,Fridge,KES,84999,3999,90,900,81000,M-KOPA,Solar,M-KOPA +Fridge 100L,Upgrade,MK Fridge,100L Fridge,1190,Closed,Jun,2019
2019-06-24 00:00:00,M-KOPA Fridge Upgrade v8  - MK TV 100L,M-KOPA +Fridge 100L,Fridge,KES,70000,0,100,700,70000,M-KOPA,Solar,M-KOPA +Fridge 100L,Upgrade,MK Fridge,100L Fridge,1191,Closed,Jun,2019
2019-06-24 00:00:00,M-KOPA Fridge Upgrade v10  - MK TV 100L,M-KOPA +Fridge 100L,Fridge,KES,99999,9999,100,900,90000,M-KOPA,Solar,M-KOPA +Fridge 100L,Upgrade,MK Fridge,100L Fridge,1193,Closed,Jun,2019
2019-06-27 00:00:00,M-KOPA 6 (2*8 watt panels) v1 ,M-KOPA 6,Lights,KES,24999,2999,50,440,22000,M-KOPA,Solar,M-KOPA 6,Acquisition,MK Classic,4 lights,1201,Closed,Jun,2019
2019-07-01 00:00:00,"M-KOPA +6000 (32"") Zuku Smart CAM v10",M-KOPA +6000 Zuku,Solar TV,KES,100999,3499,150,650,97500,M-KOPA,Solar,M-KOPA +6000 Zuku,Upgrade,MK TV,"32"" TV",1203,Closed,Jul,2019
2019-07-08 00:00:00,"M-KOPA 600 (32""W-Grid TV) v3",M-KOPA 600 Grid,Grid TV,KES,69499,6999,125,500,62500,M-KOPA,Solar,M-KOPA 600 Grid,Acquisition,MK TV,"32"" TV",1209,Closed,Jul,2019
2019-07-08 00:00:00,"M-KOPA 600 (32""S-Grid TV) v2 ",M-KOPA 600 Grid,Grid TV,KES,50999,5999,100,450,45000,M-KOPA,Solar,M-KOPA 600 Grid,Acquisition,MK TV,"32"" TV",1208,Closed,Jul,2019
2019-07-19 00:00:00,"M-KOPA +600 (24"") v3 (d-series)",M-KOPA +600,Solar TV,KES,56500,2500,60,900,54000,M-KOPA,Solar,M-KOPA +600,Upgrade,MK TV,"24"" TV",1211,Closed,Jul,2019
2019-07-25 00:00:00,M-KOPA 5 v8,M-KOPA 5,Lights,KES,23499,2499,50,420,21000,M-KOPA,Solar,M-KOPA 5,Acquisition,MK Classic,4 lights,1212,Closed,Jul,2019
2019-08-01 00:00:00,"M-KOPA 6000 (32"") v8 HD LR",M-KOPA 6000,Solar TV,KES,89649,9999,135,590,79650,M-KOPA,Solar,M-KOPA 6000,Acquisition,MK TV,"32"" TV",1216,Closed,Aug,2019
2019-08-01 00:00:00,M-KOPA Starter 3S v5,M-KOPA 3 Starter,Lights - Refurbished,KES,13899,1899,40,300,12000,M-KOPA,Solar,M-KOPA 3 Starter,Acquisition,MK Starter,2 lights,1217,Closed,Aug,2019
2019-08-01 00:00:00,M-KOPA 6 (2*8 watts panels) v2,M-KOPA 6,Lights,KES,24999,2999,50,440,22000,M-KOPA,Solar,M-KOPA 6,Acquisition,MK Classic,4 lights,1213,Closed,Aug,2019
2019-08-01 00:00:00,"M-KOPA 600 (24"") Zuku Smart CAM v4",M-KOPA 600 Zuku,Solar TV,KES,85999,7999,130,600,78000,M-KOPA,Solar,M-KOPA 600 Zuku,Acquisition,MK TV,"24"" TV",1215,Closed,Aug,2019
2019-08-01 00:00:00,M-KOPA Fridge v15 100L,M-KOPA Fridge 100L,Fridge,KES,126499,10999,165,700,115500,M-KOPA,Solar,M-KOPA Fridge 100L,Acquisition,MK Fridge,100L Fridge,1220,Closed,Aug,2019
2019-08-01 00:00:00,"M-KOPA 600 (24"") v4 HD",M-KOPA 600,Solar TV,KES,57499,7499,125,400,50000,M-KOPA,Solar,M-KOPA 600,Acquisition,MK TV,"24"" TV",1214,Closed,Aug,2019
2019-08-01 00:00:00,M-KOPA Fridge v14 100L,M-KOPA Fridge 100L,Fridge,KES,130999,10999,150,800,120000,M-KOPA,Solar,M-KOPA Fridge 100L,Acquisition,MK Fridge,100L Fridge,1219,Closed,Aug,2019
2019-08-01 00:00:00,M-KOPA Fridge (CASH) v13 100L,M-KOPA Fridge 100L,Fridge,KES,99999,99999,1,1,0,M-KOPA,Solar,M-KOPA Fridge 100L,Acquisition,MK Fridge,100L Fridge,1218,Closed,Aug,2019
2019-08-05 00:00:00,M-KOPA Starter 4S v2,M-KOPA 4 Starter,Lights - Refurbished,KES,13899,1899,40,300,12000,M-KOPA,Solar,M-KOPA 4 Starter,Acquisition,MK Starter,2 lights,1222,Closed,Aug,2019
2019-08-06 00:00:00,"M-KOPA +600 (24"") v16 (GT) ZD",M-KOPA +600,Solar TV,KES,54000,0,60,900,54000,M-KOPA,Solar,M-KOPA +600,Upgrade,MK TV,"24"" TV",1223,Closed,Aug,2019
2019-08-10 00:00:00,M-KOPA +Fridge v17 100L,M-KOPA +Fridge 100L,Fridge,KES,100000,0,125,800,100000,M-KOPA,Solar,M-KOPA +Fridge 100L,Upgrade,MK Fridge,100L Fridge,1224,Closed,Aug,2019
2019-08-10 00:00:00,M-KOPA 5 v9,M-KOPA 5,Lights,KES,23499,2499,50,420,21000,M-KOPA,Solar,M-KOPA 5,Acquisition,MK Classic,4 lights,1227,Closed,Aug,2019
2019-08-10 00:00:00,M-KOPA +Fridge v16 100L,M-KOPA +Fridge 100L,Fridge,KES,99999,9999,100,900,90000,M-KOPA,Solar,M-KOPA +Fridge 100L,Upgrade,MK Fridge,100L Fridge,1225,Closed,Aug,2019
2019-08-10 00:00:00,M-KOPA Fridge v18 100L,M-KOPA Fridge 100L,Fridge,KES,126499,10999,165,700,115500,M-KOPA,Solar,M-KOPA Fridge 100L,Acquisition,MK Fridge,100L Fridge,1226,Closed,Aug,2019
2019-09-26 00:00:00,"M-KOPA 6000 (32"")  MD LR 10FC v9",M-KOPA 6000,Solar TV,KES,95399,8999,135,640,86400,M-KOPA,Solar,M-KOPA 6000,Acquisition,MK TV,"32"" TV",1231,Closed,Sep,2019
2019-09-26 00:00:00,"M-KOPA 6000 (32"")  HD LR 10FC v9",M-KOPA 6000,Solar TV,KES,89649,9999,135,590,79650,M-KOPA,Solar,M-KOPA 6000,Acquisition,MK TV,"32"" TV",1235,Closed,Sep,2019
2019-09-26 00:00:00,"M-KOPA 600 (24"") HD 10FCR v5",M-KOPA 600,Solar TV,KES,57499,7499,125,400,50000,M-KOPA,Solar,M-KOPA 600,Acquisition,MK TV,"24"" TV",1233,Closed,Sep,2019
2019-09-26 00:00:00,M-KOPA 6 (2*8 watts panels) 10FCR v2,M-KOPA 6,Lights,KES,24999,2999,50,440,22000,M-KOPA,Solar,M-KOPA 6,Acquisition,MK Classic,4 lights,1232,Closed,Sep,2019
2019-09-26 00:00:00,"M-KOPA 600 (24"")  10FC v3",M-KOPA 600,Solar TV,KES,64999,5999,100,590,59000,M-KOPA,Solar,M-KOPA 600,Acquisition,MK TV,"24"" TV",1229,Closed,Sep,2019
2019-09-26 00:00:00,"M-KOPA 600 (24"") Zuku Smart CAM 10FC v5",M-KOPA 600 Zuku,Solar TV,KES,85999,7999,130,600,78000,M-KOPA,Solar,M-KOPA 600 Zuku,Acquisition,MK TV,"24"" TV",1234,Closed,Sep,2019
2019-09-26 00:00:00,"M-KOPA 6000 (32"") Zuku Smart CAM HD LR 10FC v8",M-KOPA 6000 Zuku,Solar TV,KES,111299,10999,170,590,100300,M-KOPA,Solar,M-KOPA 6000 Zuku,Acquisition,MK TV,"32"" TV",1230,Closed,Sep,2019
2019-09-26 00:00:00,M-KOPA Fridge  100L FC v19,M-KOPA Fridge 100L,Fridge,KES,126499,10999,165,700,115500,M-KOPA,Solar,M-KOPA Fridge 100L,Acquisition,MK Fridge,100L Fridge,1236,Closed,Sep,2019
2019-10-09 00:00:00,M-KOPA 6 (15 Watts panels) v1,M-KOPA 6,Lights,KES,24999,2999,50,440,22000,M-KOPA,Solar,M-KOPA 6,Acquisition,MK Classic,4 lights,1271,Closed,Oct,2019
2019-10-29 00:00:00,"M-KOPA +6000 (32"") GT v11",M-KOPA +6000,Solar TV,KES,75000,0,125,600,75000,M-KOPA,Solar,M-KOPA +6000,Upgrade,MK TV,"32"" TV",1289,Closed,Oct,2019
2019-10-29 00:00:00,MK +Starter 4S v9 GT,M-KOPA 4 Starter,Lights - Refurbished,KES,5250,1000,50,85,4250,M-KOPA,Solar,M-KOPA 4 Starter,Upgrade,MK Starter,2 lights,1298,Closed,Oct,2019
2019-10-29 00:00:00,MK +Fridge 100 L v18 GT,M-KOPA +Fridge 100L,Fridge,KES,99999,9999,100,900,90000,M-KOPA,Solar,M-KOPA +Fridge 100L,Upgrade,MK Fridge,100L Fridge,1284,Closed,Oct,2019
2019-10-29 00:00:00,M-KOPA +Fridge v19 100L GT,M-KOPA +Fridge 100L,Fridge,KES,100000,0,125,800,100000,M-KOPA,Solar,M-KOPA +Fridge 100L,Upgrade,MK Fridge,100L Fridge,1283,Closed,Oct,2019
2019-10-29 00:00:00,"MK +6000 32"" TV v12 GT",M-KOPA +6000 Zuku,Solar TV,KES,100999,3499,150,650,97500,M-KOPA,Solar,M-KOPA +6000 Zuku,Upgrade,MK TV,"32"" TV",1290,Closed,Oct,2019
2019-10-29 00:00:00,"MK +6000 32"" TV v15 GT",M-KOPA +6000,Solar TV,KES,78999,2499,85,900,76500,M-KOPA,Solar,M-KOPA +6000,Upgrade,MK TV,"32"" TV",1292,Closed,Oct,2019
2019-10-29 00:00:00,"MK +6000 32"" TV Zuku v13",M-KOPA +6000 Zuku,Solar TV,KES,114999,6999,120,900,108000,M-KOPA,Solar,M-KOPA +6000 Zuku,Upgrade,MK TV,"32"" TV",1291,Closed,Oct,2019
2019-10-29 00:00:00,"MK +600 24"" TV v17 GT",M-KOPA +600,Solar TV,KES,45000,0,125,360,45000,M-KOPA,Solar,M-KOPA +600,Upgrade,MK TV,"24"" TV",1287,Closed,Oct,2019
2019-10-29 00:00:00,"MK +6000 32"" TV Zuku v14 GT",M-KOPA +6000 Zuku,Solar TV,KES,114999,6999,120,900,108000,M-KOPA,Solar,M-KOPA +6000 Zuku,Upgrade,MK TV,"32"" TV",1293,Closed,Oct,2019
2019-10-29 00:00:00,"MK +600 24"" TV v18 GT",M-KOPA +600,Solar TV,KES,54000,0,60,900,54000,M-KOPA,Solar,M-KOPA +600,Upgrade,MK TV,"24"" TV",1288,Closed,Oct,2019
2019-10-31 00:00:00,"M-KOPA +600 (24"") Zuku Smart CAM v8 GT ZD",M-KOPA +600 Zuku,Solar TV,KES,75000,0,125,600,75000,M-KOPA,Solar,M-KOPA +600 Zuku,Upgrade,MK TV,"24"" TV",1306,Closed,Oct,2019
2019-11-01 00:00:00,"M-KOPA 6000 (32"") v10 LD LR",M-KOPA 6000,Solar TV,KES,97099,7999,135,660,89100,M-KOPA,Solar,M-KOPA 6000,Acquisition,MK TV,"32"" TV",1307,Closed,Nov,2019
2019-11-25 00:00:00,"MK 600 24"" TV v6 LD",M-KOPA 600,Solar TV,KES,65499,5499,100,600,60000,M-KOPA,Solar,M-KOPA 600,Acquisition,MK TV,"24"" TV",1340,Closed,Nov,2019
2019-11-25 00:00:00,"MK +600 24"" TV Zuku v11 CG",M-KOPA +600 Zuku,Solar TV,KES,84500,3500,90,900,81000,M-KOPA,Solar,M-KOPA +600 Zuku,Upgrade,MK TV,"24"" TV",1344,Closed,Nov,2019
2019-11-25 00:00:00,"MK +600 24"" TV Zuku v9 CG",M-KOPA +600 Zuku,Solar TV,KES,57600,0,160,360,57600,M-KOPA,Solar,M-KOPA +600 Zuku,Upgrade,MK TV,"24"" TV",1341,Closed,Nov,2019
2019-11-25 00:00:00,"MK +600 24"" TV Zuku v8 GT",M-KOPA +600 Zuku,Solar TV,KES,81000,0,90,900,81000,M-KOPA,Solar,M-KOPA +600 Zuku,Upgrade,MK TV,"24"" TV",1342,Closed,Nov,2019
2019-11-25 00:00:00,"MK +600 24"" TV Zuku v10 GT",M-KOPA +600 Zuku,Solar TV,KES,57600,0,160,360,57600,M-KOPA,Solar,M-KOPA +600 Zuku,Upgrade,MK TV,"24"" TV",1343,Closed,Nov,2019
2019-11-29 00:00:00,MK +Starter 5S v1 CG,M-KOPA 4 Starter,Lights - Refurbished,KES,4500,0,30,150,4500,M-KOPA,Solar,M-KOPA 4 Starter,Upgrade,MK Starter,2 lights,1351,Closed,Nov,2019
2019-11-29 00:00:00,MK +Starter 5S v2 RT GT,M-KOPA 4 Starter,Lights - Refurbished,KES,5499,999,30,150,4500,M-KOPA,Solar,M-KOPA 4 Starter,Upgrade,MK Starter,2 lights,1350,Closed,Nov,2019
2019-12-04 00:00:00,M-KOPA 6 (15 Watts panels) F&F,M-KOPA 6,Lights,KES,24999,2999,50,440,22000,M-KOPA,Solar,M-KOPA 6,Acquisition,MK Classic,4 lights,1359,Closed,Dec,2019
2019-12-05 00:00:00,MK +Starter 4S v2 RT GT,M-KOPA 4 Starter,Lights - Refurbished,KES,5499,999,30,150,4500,M-KOPA,Solar,M-KOPA 4 Starter,Upgrade,MK Starter,2 lights,1361,Closed,Dec,2019
2019-12-05 00:00:00,MK +Starter 4S v1 CG,M-KOPA 4 Starter,Lights - Refurbished,KES,4500,0,30,150,4500,M-KOPA,Solar,M-KOPA 4 Starter,Upgrade,MK Starter,2 lights,1362,Closed,Dec,2019
2019-12-23 00:00:00,"MK 600 24"" TV v1 Staff",M-KOPA 600,Solar TV,KES,34999,2999,80,400,32000,M-KOPA,Solar,M-KOPA 600,Acquisition,MK TV,"24"" TV",1513,Closed,Dec,2019
2019-12-23 00:00:00,"MK 6000 32"" TV v1 Staff",M-KOPA 6000,Solar TV,KES,53999,3999,100,500,50000,M-KOPA,Solar,M-KOPA 6000,Acquisition,MK TV,"32"" TV",1514,Closed,Dec,2019
2019-12-23 00:00:00,MK 6500  v1 Staff,M-KOPA Fridge 100L,Fridge,KES,87499,4999,150,550,82500,M-KOPA,Solar,M-KOPA Fridge 100L,Acquisition,MK Fridge,100L Fridge,1515,Closed,Dec,2019
2019-12-23 00:00:00,MK 6 v1 Staff,M-KOPA 6,Lights,KES,14999,1499,50,270,13500,M-KOPA,Solar,M-KOPA 6,Acquisition,MK Classic,4 lights,1512,Closed,Dec,2019
2019-12-24 00:00:00,MK 6 v2 Staff,M-KOPA 6,Lights,KES,14999,1499,50,270,13500,M-KOPA,Solar,M-KOPA 6,Acquisition,MK Classic,4 lights,1525,Closed,Dec,2019
2019-12-24 00:00:00,MK 6 v3 Staff,M-KOPA 6,Lights,KES,14999,1499,50,270,13500,M-KOPA,Solar,M-KOPA 6,Acquisition,MK Classic,4 lights,1526,Closed,Dec,2019
2020-02-05 00:00:00,"MK 600 B 24"" TV v1 F&F",M-KOPA 600,Solar TV,KES,65499,5499,100,600,60000,M-KOPA,Solar,M-KOPA 600,Acquisition,MK TV,"24"" TV",1546,Closed,Feb,2020
2020-02-13 00:00:00,M-KOPA Starter 5S v3,M-KOPA 5 Starter,Lights - Refurbished,KES,13999,1599,50,248,12400,M-KOPA,Solar,M-KOPA 5 Starter,Acquisition,MK Starter,2 lights,1547,Closed,Feb,2020
2020-03-13 00:00:00,M-KOPA 6 (15 Watts panels) v2,M-KOPA 6,Lights,KES,24999,2999,50,440,22000,M-KOPA,Solar,M-KOPA 6,Acquisition,MK Classic,4 lights,1575,Closed,Mar,2020
2020-04-06 00:00:00,"M-KOPA 600 (24"")-Rev B v7",M-KOPA 600,Solar TV,KES,65499,5499,100,600,60000,M-KOPA,Solar,M-KOPA 600,Acquisition,MK TV,"24"" TV",1593,Closed,Apr,2020
2020-05-06 00:00:00,"M-KOPA 6000 (32"") v11 F&F",M-KOPA 6000,Solar TV,KES,97099,7999,135,660,89100,M-KOPA,Solar,M-KOPA 6000,Acquisition,MK TV,"32"" TV",1603,Closed,May,2020
2020-05-13 00:00:00,"MK 600 24"" TV Zuku v7 Rev B",M-KOPA 600 Zuku,Solar TV,KES,85499,7499,130,600,78000,M-KOPA,Solar,M-KOPA 600 Zuku,Acquisition,MK TV,"24"" TV",1610,Closed,May,2020
2020-05-13 00:00:00,"MK 600 24"" TV v8 LD",M-KOPA 600,Solar TV,KES,65499,5499,100,600,60000,M-KOPA,Solar,M-KOPA 600,Acquisition,MK TV,"24"" TV",1609,Closed,May,2020
2020-05-13 00:00:00,"MK 600 24"" TV Zuku v8",M-KOPA 600 Zuku,Solar TV,KES,85499,7499,130,600,78000,M-KOPA,Solar,M-KOPA 600 Zuku,Acquisition,MK TV,"24"" TV",1611,Closed,May,2020
2020-05-13 00:00:00,MK 6 v5,M-KOPA 6,Lights,KES,20749,2499,50,365,18250,M-KOPA,Solar,M-KOPA 6,Acquisition,MK Classic,4 lights,1607,Closed,May,2020
2020-05-13 00:00:00,"M-KOPA 6000 (32"") v11 LD LR",M-KOPA 6000,Solar TV,KES,89499,8499,135,600,81000,M-KOPA,Solar,M-KOPA 6000,Acquisition,MK TV,"32"" TV",1612,Closed,May,2020
2020-05-13 00:00:00,"MK 6000 32"" TV Zuku v8",M-KOPA 6000 Zuku,Solar TV,KES,109499,10499,165,600,99000,M-KOPA,Solar,M-KOPA 6000 Zuku,Acquisition,MK TV,"32"" TV",1613,Closed,May,2020
2020-05-13 00:00:00,"MK 600 24"" TV v7 LD Rev B",M-KOPA 600,Solar TV,KES,65499,5499,100,600,60000,M-KOPA,Solar,M-KOPA 600,Acquisition,MK TV,"24"" TV",1608,Closed,May,2020
2020-05-15 00:00:00,MK 6 v6,M-KOPA 6,Lights,KES,20749,2499,50,365,18250,M-KOPA,Solar,M-KOPA 6,Acquisition,MK Classic,4 lights,1627,Closed,May,2020
2020-05-15 00:00:00,"MK 6000 32"" TV v13 HD",M-KOPA 6000,Solar TV,KES,77999,10499,135,500,67500,M-KOPA,Solar,M-KOPA 6000,Acquisition,MK TV,"32"" TV",1630,Closed,May,2020
2020-05-15 00:00:00,"MK 600 24"" TV v9 HD",M-KOPA 600,Solar TV,KES,57499,7499,125,400,50000,M-KOPA,Solar,M-KOPA 600,Acquisition,MK TV,"24"" TV",1628,Closed,May,2020
2020-05-15 00:00:00,"MK 6000 32"" TV v12 LD",M-KOPA 6000,Solar TV,KES,89499,8499,135,600,81000,M-KOPA,Solar,M-KOPA 6000,Acquisition,MK TV,"32"" TV",1629,Closed,May,2020
2020-06-18 00:00:00,"MK +6000 32"" TV v15 GT Rev C",M-KOPA +6000,Solar TV,KES,78999,2499,85,900,76500,M-KOPA,Solar,M-KOPA +6000,Upgrade,MK TV,"32"" TV",1657,Closed,Jun,2020
2020-06-18 00:00:00,"MK 6000 32"" TV v13 HD Rev C",M-KOPA 6000,Solar TV,KES,77999,10499,135,500,67500,M-KOPA,Solar,M-KOPA 6000,Acquisition,MK TV,"32"" TV",1652,Closed,Jun,2020
2020-06-18 00:00:00,"MK +6000 32"" TV Zuku v12 GT Rev C",M-KOPA +6000 Zuku,Solar TV,KES,100999,3499,150,650,97500,M-KOPA,Solar,M-KOPA +6000 Zuku,Upgrade,MK TV,"32"" TV",1655,Closed,Jun,2020
2020-06-18 00:00:00,"MK +6000 32"" TV v11 ZD GT Rev C",M-KOPA +6000,Solar TV,KES,75000,0,125,600,75000,M-KOPA,Solar,M-KOPA +6000,Upgrade,MK TV,"32"" TV",1656,Closed,Jun,2020
2020-06-18 00:00:00,"MK 6000 32"" TV Zuku v8 Rev C",M-KOPA 6000 Zuku,Solar TV,KES,109499,10499,165,600,99000,M-KOPA,Solar,M-KOPA 6000 Zuku,Acquisition,MK TV,"32"" TV",1653,Closed,Jun,2020
2020-06-18 00:00:00,"MK +6000 32"" TV v9 Rev C",M-KOPA +6000,Solar TV,KES,78999,2499,85,900,76500,M-KOPA,Solar,M-KOPA +6000,Upgrade,MK TV,"32"" TV",1659,Closed,Jun,2020
2020-06-18 00:00:00,"MK 6000 32"" TV v12 LD Rev C",M-KOPA 6000,Solar TV,KES,89499,8499,135,600,81000,M-KOPA,Solar,M-KOPA 6000,Acquisition,MK TV,"32"" TV",1651,Closed,Jun,2020
2020-06-18 00:00:00,"MK +6000 32"" TV Zuku v10 Rev C",M-KOPA +6000 Zuku,Solar TV,KES,100999,3499,150,650,97500,M-KOPA,Solar,M-KOPA +6000 Zuku,Upgrade,MK TV,"32"" TV",1654,Closed,Jun,2020
2020-06-18 00:00:00,"MK +6000 32"" TV v3 ZD Rev C",M-KOPA +6000,Solar TV,KES,75000,0,125,600,75000,M-KOPA,Solar,M-KOPA +6000,Upgrade,MK TV,"32"" TV",1658,Closed,Jun,2020
2020-06-24 00:00:00,"MK 6000 32"" TV v2 Staff",M-KOPA 6000,Solar TV,KES,43999,3999,100,400,40000,M-KOPA,Solar,M-KOPA 6000,Acquisition,MK TV,"32"" TV",1667,Active,Jun,2020
2020-06-24 00:00:00,MK +6 v2,M-KOPA +6,Lights,KES,18250,0,50,365,18250,M-KOPA,Solar,M-KOPA +6,Upgrade,MK Classic,4 lights,1668,Closed,Jun,2020
2020-06-24 00:00:00,"MK 600 24"" TV v2 Staff",M-KOPA 600,Solar TV,KES,30999,2999,80,350,28000,M-KOPA,Solar,M-KOPA 600,Acquisition,MK TV,"24"" TV",1666,Closed,Jun,2020
2020-06-24 00:00:00,MK 6 v4 Staff,M-KOPA 6,Lights,KES,11999,1499,50,210,10500,M-KOPA,Solar,M-KOPA 6,Acquisition,MK Classic,4 lights,1665,Active,Jun,2020
2020-06-25 00:00:00,MK +6 v3 GT,M-KOPA +6,Lights,KES,18250,0,50,365,18250,M-KOPA,Solar,M-KOPA +6,Upgrade,MK Classic,4 lights,1673,Closed,Jun,2020
2020-07-27 00:00:00,"MK 600 (32"" S-GRID TV) v5 F&F",M-KOPA 600 Grid,Grid TV,KES,49499,5499,100,440,44000,M-KOPA,Solar,M-KOPA 600 Grid,Acquisition,MK TV,"24"" TV",1683,Closed,Jul,2020
2020-07-27 00:00:00,"MK 6000 (32"" W-Grid TV) v4 F&F",M-KOPA 6000 Grid,Grid TV,KES,49499,5499,100,440,44000,M-KOPA,Solar,M-KOPA 6000 Grid,Acquisition,MK TV,"32"" TV",1682,Closed,Jul,2020
2020-08-05 00:00:00,"MK 6000 32"" TV v14 LD",M-KOPA 6000,Solar TV,KES,89999,8999,135,600,81000,M-KOPA,Solar,M-KOPA 6000,Acquisition,MK TV,"32"" TV",1687,Closed,Aug,2020
2020-08-05 00:00:00,MK 6 v7,M-KOPA 6,Lights,KES,21249,2999,50,365,18250,M-KOPA,Solar,M-KOPA 6,Acquisition,MK Classic,4 lights,1686,Closed,Aug,2020
2020-08-05 00:00:00,"MK +600 24"" TV v19",M-KOPA +600,Solar TV,KES,54000,0,60,900,54000,M-KOPA,Solar,M-KOPA +600,Upgrade,MK TV,"24"" TV",1689,Closed,Aug,2020
2020-08-05 00:00:00,"MK 600 24"" TV v10 LD",M-KOPA 600,Solar TV,KES,65999,5999,100,600,60000,M-KOPA,Solar,M-KOPA 600,Acquisition,MK TV,"24"" TV",1688,Closed,Aug,2020
2020-08-07 00:00:00,"MK 600 24"" TV Zuku v9",M-KOPA 600 Zuku,Solar TV,KES,85999,7999,130,600,78000,M-KOPA,Solar,M-KOPA 600 Zuku,Acquisition,MK TV,"24"" TV",1692,Closed,Aug,2020
2020-08-07 00:00:00,"MK 6000 32"" TV Zuku v9",M-KOPA 6000 Zuku,Solar TV,KES,109999,10999,165,600,99000,M-KOPA,Solar,M-KOPA 6000 Zuku,Acquisition,MK TV,"32"" TV",1693,Closed,Aug,2020
2020-08-09 00:00:00,"MK 600 24"" TV v11 HD",M-KOPA 600,Solar TV,KES,57999,7999,125,400,50000,M-KOPA,Solar,M-KOPA 600,Acquisition,MK TV,"24"" TV",1694,Closed,Aug,2020
2020-08-09 00:00:00,"MK 6000 32"" TV v15 HD",M-KOPA 6000,Solar TV,KES,78499,10999,135,500,67500,M-KOPA,Solar,M-KOPA 6000,Acquisition,MK TV,"32"" TV",1695,Closed,Aug,2020
2020-08-09 00:00:00,M-KOPA Fridge v19 100L,M-KOPA Fridge 100L,Fridge,KES,126999,11499,165,700,115500,M-KOPA,Solar,M-KOPA Fridge 100L,Acquisition,MK Fridge,100L Fridge,1696,Closed,Aug,2020
2020-08-11 00:00:00,MK Fridge v20 100L,M-KOPA Fridge 100L,Fridge,KES,126499,10999,165,700,115500,M-KOPA,Solar,M-KOPA Fridge 100L,Acquisition,MK Fridge,100L Fridge,1697,Closed,Aug,2020
2020-08-14 00:00:00,"MK +600 24"" TV v20 2nd TV",M-KOPA +600,Solar TV,KES,45000,0,125,360,45000,M-KOPA,Solar,M-KOPA +600,Upgrade,MK TV,"24"" TV",1705,Closed,Aug,2020
2020-08-14 00:00:00,"MK +600 24"" TV v22 D-Series",M-KOPA +600,Solar TV,KES,56500,2500,60,900,54000,M-KOPA,Solar,M-KOPA +600,Upgrade,MK TV,"24"" TV",1707,Closed,Aug,2020
2020-08-14 00:00:00,"MK +6000 32"" TV v11",M-KOPA +6000,Solar TV,KES,78999,2499,85,900,76500,M-KOPA,Solar,M-KOPA +6000,Upgrade,MK TV,"32"" TV",1709,Closed,Aug,2020
2020-08-14 00:00:00,"MK +600 24"" TV v21 Early Upgrade",M-KOPA +600,Solar TV,KES,55500,1500,60,900,54000,M-KOPA,Solar,M-KOPA +600,Upgrade,MK TV,"24"" TV",1706,Closed,Aug,2020
2020-08-14 00:00:00,"MK +6000 32"" TV v10 ZD",M-KOPA +6000,Solar TV,KES,75000,0,125,600,75000,M-KOPA,Solar,M-KOPA +6000,Upgrade,MK TV,"32"" TV",1708,Closed,Aug,2020
2020-08-18 00:00:00,MK 6 Cash v8,M-KOPA 6,Lights,KES,12000,11999,1,1,1,M-KOPA,Solar,M-KOPA 6,Acquisition,MK Classic,4 lights,1712,Closed,Aug,2020
2020-08-18 00:00:00,"MK +600 Zuku 24"" TV v11",M-KOPA +600 Zuku,Solar TV,KES,81000,0,90,900,81000,M-KOPA,Solar,M-KOPA +600 Zuku,Upgrade,MK TV,"24"" TV",1713,Closed,Aug,2020
2020-08-18 00:00:00,"MK +600 Zuku 24"" TV v12 D-Series",M-KOPA +600 Zuku,Solar TV,KES,84500,3500,90,900,81000,M-KOPA,Solar,M-KOPA +600 Zuku,Upgrade,MK TV,"24"" TV",1714,Closed,Aug,2020
2020-09-22 00:00:00,"MK 6000 32"" TV Zuku v10",M-KOPA 6000 Zuku,Solar TV,KES,109499,10499,165,600,99000,M-KOPA,Solar,M-KOPA 6000 Zuku,Acquisition,MK TV,"32"" TV",1737,Closed,Sep,2020
2020-09-22 00:00:00,"MK 6000 32"" TV v16 HD",M-KOPA 6000,Solar TV,KES,77999,10499,135,500,67500,M-KOPA,Solar,M-KOPA 6000,Acquisition,MK TV,"32"" TV",1736,Closed,Sep,2020
2020-09-23 00:00:00,"MK 6000 32"" TV v15 LD",M-KOPA 6000,Solar TV,KES,89499,8499,135,600,81000,M-KOPA,Solar,M-KOPA 6000,Acquisition,MK TV,"32"" TV",1738,Closed,Sep,2020
2020-09-29 00:00:00,"MK +600 (32""S-Grid TV) v1",M-KOPA +600 Grid,Grid TV,KES,63000,0,70,900,63000,M-KOPA,Solar,M-KOPA +600 Grid,Upgrade,MK TV,"24"" TV",1746,Closed,Sep,2020
2020-10-13 00:00:00,MK 6 v8,M-KOPA 6,Lights,KES,22499,2499,50,400,20000,M-KOPA,Solar,M-KOPA 6,Acquisition,MK Classic,4 lights,1759,Closed,Oct,2020
2020-11-05 00:00:00,MK Fridge v21 100L,M-KOPA Fridge 100L,Fridge,KES,98999,7999,130,700,91000,M-KOPA,Solar,M-KOPA Fridge 100L,Acquisition,MK Fridge,100L Fridge,1780,Closed,Nov,2020
2020-11-24 00:00:00,"MK 6000 32"" TV Zuku v11",M-KOPA 6000 Zuku,Solar TV,KES,108999,9999,165,600,99000,M-KOPA,Solar,M-KOPA 6000 Zuku,Acquisition,MK TV,"32"" TV",1796,Closed,Nov,2020
2020-11-24 00:00:00,"MK 6000 32"" TV v17 LD",M-KOPA 6000,Solar TV,KES,88999,7999,135,600,81000,M-KOPA,Solar,M-KOPA 6000,Acquisition,MK TV,"32"" TV",1795,Closed,Nov,2020
2021-01-04 00:00:00,M-KOPA +500 Silverbill v1,M-KOPA +500,Solar TV,KES,1,0,1,1,1,M-KOPA,Solar,M-KOPA +500,Upgrade,MK TV,"24"" TV",1827,Active,Jan,2021
2021-01-07 00:00:00,"MK 6000 (32""Backup TV) v5",M-KOPA 6000 Grid,Grid TV,KES,81999,6999,125,600,75000,M-KOPA,Solar,M-KOPA 6000 Grid,Acquisition,MK TV,"32"" TV",1831,Closed,Jan,2021
2021-01-25 00:00:00,"MK 6000 (32""Backup TV) Cash",M-KOPA 6000 Grid,Grid TV,KES,55000,54999,1,1,1,M-KOPA,Solar,M-KOPA 6000 Grid,Acquisition,MK TV,"32"" TV",1840,Closed,Jan,2021
2021-01-27 00:00:00,"MK 6000 32"" TV v18 LD",M-KOPA 6000,Solar TV,KES,91999,7999,140,600,84000,M-KOPA,Solar,M-KOPA 6000,Acquisition,MK TV,"32"" TV",1843,Closed,Jan,2021
2021-01-27 00:00:00,"MK 600 24"" TV v12 LD",M-KOPA 600,Solar TV,KES,71499,5499,110,600,66000,M-KOPA,Solar,M-KOPA 600,Acquisition,MK TV,"24"" TV",1844,Closed,Jan,2021
2021-01-28 00:00:00,"MK 600 24"" TV Zuku v10",M-KOPA 600 Zuku,Solar TV,KES,91499,7499,140,600,84000,M-KOPA,Solar,M-KOPA 600 Zuku,Acquisition,MK TV,"24"" TV",1848,Closed,Jan,2021
2021-01-28 00:00:00,"MK 6000 32"" TV Zuku v12",M-KOPA 6000 Zuku,Solar TV,KES,111999,9999,170,600,102000,M-KOPA,Solar,M-KOPA 6000 Zuku,Acquisition,MK TV,"32"" TV",1849,Closed,Jan,2021
2021-02-26 00:00:00,"MK 60k (32""TV) & Fridge F&F v1",M-KOPA 6000 Grid,Grid TV,KES,154999,14999,200,700,140000,M-KOPA,Solar,M-KOPA 6000 Grid,Acquisition,MK TV,"32"" TV",1882,Closed,Feb,2021
2021-02-26 00:00:00,"MK 6000 (32""Backup TV) Staff v6",M-KOPA 6000 Grid,Grid TV,KES,59999,4999,100,550,55000,M-KOPA,Solar,M-KOPA 6000 Grid,Acquisition,MK TV,"32"" TV",1881,Active,Feb,2021
2021-03-04 00:00:00,"MK 600 24"" TV v13",M-KOPA 600,Solar TV,KES,65999,5999,100,600,60000,M-KOPA,Solar,M-KOPA 600,Acquisition,MK TV,"24"" TV",1901,Closed,Mar,2021
2021-03-04 00:00:00,"MK +6000 (32""Backup TV)  v7",M-KOPA +6000 Grid,Grid TV,KES,67500,0,75,900,67500,M-KOPA,Solar,M-KOPA +6000 Grid,Upgrade,MK TV,"32"" TV",1904,Closed,Mar,2021
2021-03-16 00:00:00,"MK 600 24"" TV Micro Biz v1",M-KOPA 600,Solar TV,KES,77499,8499,115,600,69000,M-KOPA,Solar,M-KOPA 600,Acquisition,MK TV,"24"" TV",1920,Closed,Mar,2021
2021-05-11 00:00:00,"MK 6000 (32""Backup TV) v8",M-KOPA 6000 Grid,Grid TV,KES,75999,6999,115,600,69000,M-KOPA,Solar,M-KOPA 6000 Grid,Acquisition,MK TV,"32"" TV",2030,Closed,May,2021
2021-07-06 00:00:00,"MK 60K (2*80W Panel) 32""TV & Fridge v2",M-KOPA 60000,Solar TV,KES,189999,14999,250,700,175000,M-KOPA,Solar,M-KOPA 60000,Acquisition,MK TV,"32"" TV",2197,Active,Jul,2021
2021-07-06 00:00:00,"MK 60K (160W Panel) 32""TV & Fridge v3",M-KOPA 60000,Solar TV,KES,189999,14999,250,700,175000,M-KOPA,Solar,M-KOPA 60000,Acquisition,MK TV,"32"" TV",2198,Active,Jul,2021
2021-07-30 00:00:00,"MK 6000 32"" TV  v19",M-KOPA 6000,Solar TV,KES,95499,8499,145,600,87000,M-KOPA,Solar,M-KOPA 6000,Acquisition,MK TV,"32"" TV",2254,Closed,Jul,2021
2021-07-30 00:00:00,"MK 6000 (32""Backup TV) v9",M-KOPA 6000 Grid,Grid TV,KES,85499,7499,130,600,78000,M-KOPA,Solar,M-KOPA 6000 Grid,Acquisition,MK TV,"32"" TV",2252,Active,Jul,2021
2021-07-30 00:00:00,"MK 600 24"" TV  v15",M-KOPA 600,Solar TV,KES,66999,6999,100,600,60000,M-KOPA,Solar,M-KOPA 600,Acquisition,MK TV,"24"" TV",2253,Closed,Jul,2021
2021-07-31 00:00:00,"MK +600 24"" TV 2nd TV v23",M-KOPA +600,Solar TV,KES,60999,2499,65,900,58500,M-KOPA,Solar,M-KOPA +600,Upgrade,MK TV,"24"" TV",2256,Closed,Jul,2021
2021-07-31 00:00:00,"MK +6000 32"" TV ZD v12",M-KOPA +6000,Solar TV,KES,76999,1999,125,600,75000,M-KOPA,Solar,M-KOPA +6000,Upgrade,MK TV,"32"" TV",2259,Closed,Jul,2021
2021-07-31 00:00:00,"MK +6000 32"" TV v13",M-KOPA +6000,Solar TV,KES,80999,4499,85,900,76500,M-KOPA,Solar,M-KOPA +6000,Upgrade,MK TV,"32"" TV",2260,Closed,Jul,2021
2021-07-31 00:00:00,"MK +600 24"" TV D-Series v25",M-KOPA +600,Solar TV,KES,62999,4499,65,900,58500,M-KOPA,Solar,M-KOPA +600,Upgrade,MK TV,"24"" TV",2258,Closed,Jul,2021
2021-07-31 00:00:00,"MK +600 24"" TV Early Upgrade v24",M-KOPA +600,Solar TV,KES,61999,3499,65,900,58500,M-KOPA,Solar,M-KOPA +600,Upgrade,MK TV,"24"" TV",2257,Closed,Jul,2021
2021-08-02 00:00:00,"MK +6000 (32""Backup TV) v7",M-KOPA +6000 Grid,Grid TV,KES,76499,4499,80,900,72000,M-KOPA,Solar,M-KOPA +6000 Grid,Upgrade,MK TV,"32"" TV",2261,Closed,Aug,2021
2021-08-02 00:00:00,"MK 600 24"" TV Phone Micro-Biz v2",M-KOPA 600,Solar TV,KES,94499,7499,145,600,87000,M-KOPA,Solar,M-KOPA 600,Acquisition,MK TV,"24"" TV",2278,Closed,Aug,2021
2021-08-18 00:00:00,"MK 60K (80W Panel) 32""TV & Fridge v4",M-KOPA 60000,Solar TV,KES,189999,14999,250,700,175000,M-KOPA,Solar,M-KOPA 60000,Acquisition,MK TV,"32"" TV",2326,Active,Aug,2021
2021-08-26 00:00:00,"MK 600 24"" TV Phone Micro-Biz v3",M-KOPA 600,Solar TV,KES,73799,4799,115,600,69000,M-KOPA,Solar,M-KOPA 600,Acquisition,MK TV,"24"" TV",2335,Closed,Aug,2021
2021-09-02 00:00:00,MK 600 TV 24â TV Micro Biz v4,M-KOPA 600,Solar TV,KES,76499,7499,115,600,69000,M-KOPA,Solar,M-KOPA 600,Acquisition,MK TV,"24"" TV",2337,Closed,Sep,2021
2021-10-08 00:00:00,MK +600 (24' TV) Legacy Silverbil v1,M-KOPA +600,Solar TV,KES,15000,2500,50,250,12500,M-KOPA,Solar,M-KOPA +600,Upgrade,MK TV,"24"" TV",2379,Closed,Oct,2021
2021-10-08 00:00:00,MK +600 (24' TV) Legacy Others v1,M-KOPA +600,Solar TV,KES,15000,2500,50,250,12500,M-KOPA,Solar,M-KOPA +600,Upgrade,MK TV,"24"" TV",2380,Closed,Oct,2021
2021-11-09 00:00:00,"MK +600 24"" TV solar legacy v26",M-KOPA +600,Solar TV,KES,60999,2499,65,900,58500,M-KOPA,Solar,M-KOPA +600,Upgrade,MK TV,"24"" TV",2481,Closed,Nov,2021
2021-11-19 00:00:00,"MK 6000 KP 32"" TV  v1",M-KOPA 6000,Solar TV,KES,98399,8499,145,620,89900,M-KOPA,Solar,M-KOPA 6000,Acquisition,MK TV,"32"" TV",2512,Closed,Nov,2021
2022-02-01 00:00:00,"MK 600 24"" TV  v16",M-KOPA 600,Solar TV,KES,66499,6499,100,600,60000,M-KOPA,Solar,M-KOPA 600,Acquisition,MK TV,"24"" TV",2624,Closed,Feb,2022
2022-02-01 00:00:00,"MK 6000 32"" TV v20",M-KOPA 6000,Solar TV,KES,88999,7999,135,600,81000,M-KOPA,Solar,M-KOPA 6000,Acquisition,MK TV,"32"" TV",2623,Closed,Feb,2022
2022-02-01 00:00:00,MK 6 v9,M-KOPA 6,Lights,KES,21499,1499,50,400,20000,M-KOPA,Solar,M-KOPA 6,Acquisition,MK Classic,4 lights,2625,Closed,Feb,2022
2022-07-01 00:00:00,"MK 6000 32"" TV v21",M-KOPA 6000,Solar TV,KES,108399,6999,130,780,101400,M-KOPA,Solar,M-KOPA 6000,Acquisition,MK TV,"32"" TV",3128,Closed,Jul,2022
2022-07-01 00:00:00,"MK +600 24"" TV v18",M-KOPA +600,Solar TV,KES,72999,999,80,900,72000,M-KOPA,Solar,M-KOPA +600,Upgrade,MK TV,"24"" TV",3130,Closed,Jul,2022
2022-07-01 00:00:00,MK +6 v11,M-KOPA +6,Lights,KES,30499,499,50,600,30000,M-KOPA,Solar,M-KOPA +6,Upgrade,MK Classic,4 lights,3129,Active,Jul,2022
2022-07-01 00:00:00,"MK 600 24"" TV v17",M-KOPA 600,Solar TV,KES,75999,5999,100,700,70000,M-KOPA,Solar,M-KOPA 600,Acquisition,MK TV,"24"" TV",3127,Closed,Jul,2022
2022-07-01 00:00:00,"MK +6000 32"" TV v22",M-KOPA +6000,Solar TV,KES,91499,1499,100,900,90000,M-KOPA,Solar,M-KOPA +6000,Upgrade,MK TV,"32"" TV",3131,Closed,Jul,2022
2022-07-01 00:00:00,MK 6 v10,M-KOPA 6,Lights,KES,23999,999,50,460,23000,M-KOPA,Solar,M-KOPA 6,Acquisition,MK Classic,4 lights,3126,Active,Jul,2022
2022-08-29 00:00:00,"MK 6000 32"" TV v22",M-KOPA 6000,Solar TV,KES,116199,6999,130,840,109200,M-KOPA,Solar,M-KOPA 6000,Acquisition,MK TV,"32"" TV",3309,Active,Aug,2022
2022-08-29 00:00:00,"MK 600 24"" TV v18",M-KOPA 600,Solar TV,KES,81999,5999,100,760,76000,M-KOPA,Solar,M-KOPA 600,Acquisition,MK TV,"24"" TV",3308,Closed,Aug,2022
2022-09-06 00:00:00,"MK +600 24"" TV v27",M-KOPA +600,Solar TV,KES,74099,999,85,860,73100,M-KOPA,Solar,M-KOPA +600,Upgrade,MK TV,"24"" TV",3413,Closed,Sep,2022
2022-09-06 00:00:00,"MK +600 24"" TV v20",M-KOPA +600,Solar TV,KES,74099,999,85,860,73100,M-KOPA,Solar,M-KOPA +600,Upgrade,MK TV,"24"" TV",3415,Closed,Sep,2022
2022-09-06 00:00:00,"MK +6000 32"" TV v23",M-KOPA +6000,Solar TV,KES,93999,1999,100,920,92000,M-KOPA,Solar,M-KOPA +6000,Upgrade,MK TV,"32"" TV",3416,Closed,Sep,2022
2022-09-28 00:00:00,"MK 6000 32"" TV (BB) v1",M-KOPA 6000,Solar TV,KES,129299,7499,145,840,121800,M-KOPA,Solar,M-KOPA 6000,Acquisition,MK TV,"32"" TV",3577,Active,Sep,2022
2022-10-14 00:00:00,"MK +6000 32"" TV (BB) v2",M-KOPA +6000,Solar TV,KES,117999,2999,125,920,115000,M-KOPA,Solar,M-KOPA +6000,Upgrade,MK TV,"32"" TV",3658,Closed,Oct,2022
2022-11-09 00:00:00,"MK 6000 32"" TV v23 Non Locking",M-KOPA 6000,Solar TV,KES,116199,6999,130,840,109200,M-KOPA,Solar,M-KOPA 6000,Upgrade,MK TV,"32"" TV",3736,Closed,Nov,2022
2022-11-18 00:00:00,"MK 600 24"" TV v19",M-KOPA 600,Solar TV,KES,74999,4999,100,700,70000,M-KOPA,Solar,M-KOPA 600,Acquisition,MK TV,"24"" TV",3762,Closed,Nov,2022
2022-11-18 00:00:00,"MK 600 24"" TV v20",M-KOPA 600,Solar TV,KES,74999,4999,100,700,70000,M-KOPA,Solar,M-KOPA 600,Acquisition,MK TV,"24"" TV",3763,Active,Nov,2022
2022-12-05 00:00:00,"MK 600 24"" TV v23 Non-Locking",M-KOPA 600,Solar TV,KES,81999,5999,100,760,76000,M-KOPA,Solar,M-KOPA 600,Upgrade,MK TV,"24"" TV",3917,Closed,Dec,2022
2023-01-31 00:00:00,"MK 6000 32"" TV (BB) v1 HRA",M-KOPA 6000,Solar TV,KES,130299,8499,145,840,121800,M-KOPA,Solar,M-KOPA 6000,Acquisition,MK TV,"32"" TV",4021,Closed,Jan,2023
2023-01-31 00:00:00,"MK 6000 32"" TV v23 Non Locking HRA",M-KOPA 6000,Solar TV,KES,117199,7999,130,840,109200,M-KOPA,Solar,M-KOPA 6000,Acquisition,MK TV,"32"" TV",4020,Closed,Jan,2023
2023-01-31 00:00:00,"MK 600 24"" TV v20 HRA",M-KOPA 600,Solar TV,KES,75499,5499,100,700,70000,M-KOPA,Solar,M-KOPA 600,Acquisition,MK TV,"24"" TV",4024,Closed,Jan,2023
2023-01-31 00:00:00,"MK 600 24"" TV v23 Non-Locking HRA",M-KOPA 600,Solar TV,KES,82499,6499,100,760,76000,M-KOPA,Solar,M-KOPA 600,Acquisition,MK TV,"24"" TV",4022,Closed,Jan,2023
2023-01-31 00:00:00,MK 6 v10 HRA,M-KOPA 6,Lights,KES,24499,1499,50,460,23000,M-KOPA,Solar,M-KOPA 6,Acquisition,MK Classic,4 lights,4023,Closed,Jan,2023
2023-01-31 00:00:00,"MK 6000 32"" TV v22 HRA",M-KOPA 6000,Solar TV,KES,117199,7999,130,840,109200,M-KOPA,Solar,M-KOPA 6000,Acquisition,MK TV,"32"" TV",4025,Closed,Jan,2023
2023-02-08 00:00:00,"MK 6000 32"" TV v23 HRA",M-KOPA 6000,Solar TV,KES,116199,6999,130,840,109200,M-KOPA,Solar,M-KOPA 6000,Acquisition,MK TV,"32"" TV",4085,Active,Feb,2023
2023-02-08 00:00:00,"MK 600 24"" TV v21 HRA",M-KOPA 600,Solar TV,KES,74999,4999,100,700,70000,M-KOPA,Solar,M-KOPA 600,Acquisition,MK TV,"24"" TV",4083,Active,Feb,2023
2023-02-08 00:00:00,"MK 6000 32"" TV (BB) v2 HRA",M-KOPA 6000,Solar TV,KES,129299,7499,145,840,121800,M-KOPA,Solar,M-KOPA 6000,Acquisition,MK TV,"32"" TV",4096,Active,Feb,2023
2023-02-08 00:00:00,"MK 6000 32"" TV v24 Non Locking HRA",M-KOPA 6000,Solar TV,KES,116199,6999,130,840,109200,M-KOPA,Solar,M-KOPA 6000,Acquisition,MK TV,"32"" TV",4102,Closed,Feb,2023
2023-02-08 00:00:00,MK 6 v11 HRA,M-KOPA 6,Lights,KES,23999,999,50,460,23000,M-KOPA,Solar,M-KOPA 6,Acquisition,MK Classic,4 lights,4088,Active,Feb,2023
2023-02-08 00:00:00,"MK 600 24"" TV v24 Non-Locking HRA",M-KOPA 600,Solar TV,KES,81999,5999,100,760,76000,M-KOPA,Solar,M-KOPA 600,Acquisition,MK TV,"24"" TV",4077,Closed,Feb,2023
2023-04-20 00:00:00,"MK 6000C 32"" TV v3 Staff",M-KOPA 6000,Solar TV,KES,86499,6499,100,800,80000,M-KOPA,Solar,M-KOPA 6000,Acquisition,MK TV,"32"" TV",4318,New,Apr,2023
2023-04-20 00:00:00,"MK 600 24"" TV v21 Staff",M-KOPA 600,Solar TV,KES,64199,2999,90,680,61200,M-KOPA,Solar,M-KOPA 600,Acquisition,MK TV,"24"" TV",4319,Active,Apr,2023
